model_id,autoencoder,embedding,pretext_loss,cluster_loss,metric,embedding_dim,n_clusters,dim_reduction,reduced_dim,run_1_train_SC,run_1_train_DBI,run_1_test_SC,run_1_test_DBI,run_1_train_time,run_2_train_SC,run_2_train_DBI,run_2_test_SC,run_2_test_DBI,run_2_train_time,run_3_train_SC,run_3_train_DBI,run_3_test_SC,run_3_test_DBI,run_3_train_time,run_4_train_SC,run_4_train_DBI,run_4_test_SC,run_4_test_DBI,run_4_train_time,run_5_train_SC,run_5_train_DBI,run_5_test_SC,run_5_test_DBI,run_5_train_time
63628dd34b68c3e97c1f7c62,fcnn,mse,mse,None,None,10,2,None,None,0.6577437520027161,0.4778761479612887,0.6577437520027161,0.4778759532538548,5.225601673126221,0.5810686349868774,0.61313672079827,0.5810686945915222,0.6131361979691222,3.8919103145599365,0.6881713271141052,0.4197877135052402,0.6881713271141052,0.4197879016574435,2.596240520477295,0.5878766775131226,0.5864576899764541,0.5878766179084778,0.5864572857199886,2.6179757118225098,0.7022020220756531,0.3996670825162548,0.7022020220756531,0.3996667187556451,2.6310837268829346
63628dd34b68c3e97c1f7c65,fcnn,mse,mse,None,None,10,4,None,None,0.4342127740383148,0.8590170571257805,0.43403923511505127,0.8617571769390957,2.6559767723083496,0.49661025404930115,0.7298049058637981,0.49661025404930115,0.7298047147611769,2.684464454650879,0.6107099056243896,0.5330776393108521,0.6107098460197449,0.5330776819887271,2.627063035964966,0.46521908044815063,0.8672848924213009,0.46521908044815063,0.8672848258089222,2.652916669845581,0.4376174807548523,0.7682165339080554,0.4370364546775818,0.7697193658882422,2.6854443550109863
63628dd34b68c3e97c1f7c68,fcnn,mse,mse,None,None,10,6,None,None,0.4824800491333008,0.8349988482183957,0.48268479108810425,0.834663003761575,2.6280527114868164,0.41939571499824524,0.7879667910435916,0.41910693049430847,0.7880980294935228,2.6745123863220215,-1.0,-1.0,-1.0,-1.0,2.674431800842285,0.5939759016036987,0.5101981238987768,0.5936474800109863,0.5100591884614506,2.7129030227661133,0.38146916031837463,0.8862098557744723,0.38146913051605225,0.8862103604574191,2.6937265396118164
63628dd34b68c3e97c1f7c74,fcnn,mse,mse,dtc,eucl,10,2,None,5.0,0.4548569917678833,0.47503256567213736,0.4250733554363251,0.4800520634617509,34.72096800804138,0.5414880514144897,0.49073326859394123,0.4652848243713379,0.3849956328839467,35.18304085731506,0.26715707778930664,0.7146350867097377,0.17526939511299133,0.6315511283721107,34.18229389190674,0.9995555281639099,0.0,-1.0,-1.0,34.309043407440186,0.3855937123298645,0.7918926977303792,0.33815473318099976,0.7230612501627952,33.62581968307495
63628dd34b68c3e97c1f7c75,fcnn,mse,mse,dtc,eucl,10,2,PCA,5.0,0.40442362427711487,0.5582223997751942,0.3708534836769104,0.551018812371635,34.93150281906128,0.39774805307388306,0.8530745156785564,0.360650897026062,0.7179739527288636,34.551746129989624,0.6494744420051575,0.529208912922257,0.6037986278533936,0.29564471753658256,34.003318309783936,0.6507045030593872,0.27716230226575733,-1.0,-1.0,34.56989121437073,0.6792523264884949,0.4875249277723357,-1.0,-1.0,34.564106941223145
63628dd34b68c3e97c1f7c76,fcnn,mse,mse,dtc,eucl,10,2,UMAP,5.0,0.47359710931777954,0.8878982784154835,0.4173697829246521,0.6360409127209855,35.18621063232422,0.442852646112442,0.827715646609161,0.4076940715312958,0.731137331614466,34.85733509063721,0.1982230544090271,0.8515797085478618,0.13441051542758942,0.8544223696823193,34.6751184463501,0.8104450106620789,0.15500687120980403,-1.0,-1.0,34.323572397232056,0.4183770418167114,0.508852610617139,0.33763548731803894,0.4873605291609151,34.06876301765442
63628dd34b68c3e97c1f7c77,fcnn,mse,mse,dtc,eucl,10,4,None,5.0,-1.0,-1.0,-1.0,-1.0,35.20200562477112,-1.0,-1.0,-1.0,-1.0,34.820547342300415,0.5303022861480713,0.4130231171978688,0.5418606996536255,0.34854452811510855,35.033713579177856,0.19487152993679047,0.7136637419185836,-1.0,-1.0,35.05854392051697,0.22796601057052612,0.7378787206236423,-1.0,-1.0,34.559075593948364
63628dd34b68c3e97c1f7c78,fcnn,mse,mse,dtc,eucl,10,4,PCA,5.0,0.327060341835022,0.6140579326381107,-1.0,-1.0,35.80697417259216,0.5655319690704346,0.43887950824918565,-1.0,-1.0,34.89856958389282,-1.0,-1.0,-1.0,-1.0,35.349833488464355,-1.0,-1.0,-1.0,-1.0,34.924227714538574,0.5693226456642151,0.4701240235061601,-1.0,-1.0,34.416627168655396
63628dd44b68c3e97c1f7c79,fcnn,mse,mse,dtc,eucl,10,4,UMAP,5.0,0.466694712638855,0.4561565124069538,-1.0,-1.0,36.129316568374634,0.35215097665786743,0.7242879767859807,-1.0,-1.0,34.90899848937988,0.3190504014492035,0.8259359625306104,-1.0,-1.0,35.26383113861084,-1.0,-1.0,-1.0,-1.0,33.74936270713806,0.15452753007411957,0.9393937676665358,0.07832080125808716,0.9089845895216325,35.74273633956909
63628dd44b68c3e97c1f7c7a,fcnn,mse,mse,dtc,eucl,10,6,None,5.0,-1.0,-1.0,-1.0,-1.0,36.32864832878113,-1.0,-1.0,-1.0,-1.0,35.80263090133667,-1.0,-1.0,-1.0,-1.0,35.70073652267456,-1.0,-1.0,-1.0,-1.0,36.680630922317505,-1.0,-1.0,-1.0,-1.0,34.669665813446045
63628dd44b68c3e97c1f7c7b,fcnn,mse,mse,dtc,eucl,10,6,PCA,5.0,-1.0,-1.0,-1.0,-1.0,35.871068477630615,-1.0,-1.0,-1.0,-1.0,35.39853835105896,-1.0,-1.0,-1.0,-1.0,35.96379041671753,-1.0,-1.0,-1.0,-1.0,35.08791518211365,-1.0,-1.0,-1.0,-1.0,35.85961556434631
63628dd44b68c3e97c1f7c7c,fcnn,mse,mse,dtc,eucl,10,6,UMAP,5.0,-1.0,-1.0,-1.0,-1.0,36.581156492233276,0.282019704580307,0.6883434195460514,-1.0,-1.0,35.88846707344055,-1.0,-1.0,-1.0,-1.0,36.0128116607666,-1.0,-1.0,-1.0,-1.0,34.786046504974365,-1.0,-1.0,-1.0,-1.0,35.6788215637207
63628dd44b68c3e97c1f7c7d,fcnn,mse,mse,dtc,cid,10,2,None,5.0,0.30002495646476746,0.520280414777365,0.262747198343277,0.5358212408648061,55.37620282173157,0.17589843273162842,0.6638002776046068,0.140745609998703,0.6755309198819575,49.099942207336426,0.3449201285839081,0.5404920916087153,0.2834778130054474,0.5779173322332801,49.43593978881836,-1.0,-1.0,-1.0,-1.0,49.40866708755493,0.10218872129917145,0.7615342113958969,0.09602021425962448,0.7716783854541623,49.04344415664673
63628dd44b68c3e97c1f7c7e,fcnn,mse,mse,dtc,cid,10,2,PCA,5.0,0.1972872018814087,0.6459052132804215,0.17393021285533905,0.6562629923540461,55.74400734901428,0.31114035844802856,0.8343724907671256,0.3141242563724518,0.8474775056329052,48.722949743270874,0.5594154000282288,0.44890465747544395,0.5367943644523621,0.47851216477833725,48.50552749633789,0.25156858563423157,0.8466314644823686,0.21870361268520355,0.890015491761172,48.61913561820984,0.09979208558797836,0.9850363834607008,0.08858717232942581,0.9980041818955413,48.31924057006836
63628dd44b68c3e97c1f7c7f,fcnn,mse,mse,dtc,cid,10,2,UMAP,5.0,0.43566638231277466,0.6906497882485849,0.4552491307258606,0.6742076261809219,55.532861948013306,0.03380516171455383,0.8032794946566056,0.015207960270345211,0.8176693035670268,49.05317282676697,0.5465090274810791,0.45525544722434186,0.5309630036354065,0.47605170952217024,48.522244691848755,0.13435930013656616,0.6993645468412285,0.12225702404975891,0.7034718662025121,49.36150598526001,0.13286298513412476,1.0842582302813635,0.13171488046646118,1.080583305669528,48.54933547973633
63628dd44b68c3e97c1f7c80,fcnn,mse,mse,dtc,cid,10,4,None,5.0,0.4661336839199066,0.5576874043113911,0.4591274857521057,0.5469218039391086,56.96989989280701,0.29558247327804565,0.7198116137229522,0.2604770362377167,0.6688676999965122,49.86244511604309,0.5784248113632202,0.4989730385256191,0.565304696559906,0.493102664929159,49.95431303977966,0.12204524874687195,1.0928600007575349,0.14253488183021545,1.0505745920114804,50.51134181022644,0.42683616280555725,0.9346946526620373,0.41917529702186584,0.9702783877408219,49.68392372131348
63628dd44b68c3e97c1f7c81,fcnn,mse,mse,dtc,cid,10,4,PCA,5.0,0.3795211613178253,0.9942410079180839,0.4048159718513489,0.8445963218715842,57.235145807266235,0.5788208842277527,0.4889300376798409,0.5376025438308716,0.5055627365945492,50.06202435493469,0.49735113978385925,0.5198372130344411,0.4934806823730469,0.511529607055751,50.39023303985596,0.15103185176849365,1.1422660611342388,0.14127913117408752,1.0780163996398437,50.20071887969971,0.3283325433731079,0.918600384263389,0.3600313067436218,0.866439461328244,49.77321147918701
63628dd44b68c3e97c1f7c82,fcnn,mse,mse,dtc,cid,10,4,UMAP,5.0,0.37729978561401367,0.6272191983278605,0.40497082471847534,0.5944669293351271,57.206655502319336,0.2958489656448364,1.3987366061882707,0.29420188069343567,1.5122638694324564,50.38449454307556,0.21276964247226715,1.2325014237174334,0.14088229835033417,1.0374674829637696,50.097612619400024,0.4091123640537262,0.5155632180678711,0.3790712058544159,0.4833081270333349,50.17678451538086,0.5928688049316406,0.5043916209797814,0.6016057729721069,0.48934757414939023,50.9852180480957
63628dd44b68c3e97c1f7c83,fcnn,mse,mse,dtc,cid,10,6,None,5.0,0.5519514679908752,0.4773261282479264,-1.0,-1.0,58.97448468208313,0.5541208386421204,0.4650791667714534,-1.0,-1.0,51.36014461517334,-1.0,-1.0,-1.0,-1.0,52.17598795890808,-0.0005910104373469949,1.423929218632427,-1.0,-1.0,51.51998519897461,0.4052704870700836,0.5839603587726864,-1.0,-1.0,51.23738932609558
63628dd44b68c3e97c1f7c84,fcnn,mse,mse,dtc,cid,10,6,PCA,5.0,0.1717923879623413,1.0428089175518023,0.13999511301517487,0.9884230539966042,58.735830783843994,0.13588029146194458,1.220022889895577,0.11786679178476334,1.1698247914396183,51.69807291030884,0.38353127241134644,0.9782419012705185,-1.0,-1.0,52.541804790496826,0.34592553973197937,0.9338227611422082,-1.0,-1.0,51.487444162368774,0.44941097497940063,0.8247328092209923,0.443838894367218,0.7388665406441765,51.6985445022583
63628dd44b68c3e97c1f7c85,fcnn,mse,mse,dtc,cid,10,6,UMAP,5.0,-1.0,-1.0,-1.0,-1.0,59.10261797904968,0.5061365365982056,0.5154311896773387,0.48419520258903503,0.48404414065999196,52.037965297698975,0.3001098036766052,0.8432234906190809,-1.0,-1.0,52.19760847091675,0.47755181789398193,0.5132320604377372,-1.0,-1.0,51.430476903915405,0.15016449987888336,1.2785001999044734,-1.0,-1.0,51.92493176460266
63628dd44b68c3e97c1f7c86,fcnn,multi_rec,multi_rec,None,None,10,2,None,None,0.6215604543685913,0.5041090749477732,0.6215604543685913,0.5041087836001523,2.6920769214630127,0.6186464428901672,0.5143330928179445,0.6186464428901672,0.5143324379199925,2.6744165420532227,-1.0,-1.0,-1.0,-1.0,2.6739864349365234,-1.0,-1.0,-1.0,-1.0,2.7021713256835938,-1.0,-1.0,-1.0,-1.0,2.6862895488739014
63628dd44b68c3e97c1f7c89,fcnn,multi_rec,multi_rec,None,None,10,4,None,None,0.5313922762870789,0.567153847469967,0.5312708020210266,0.5671247878098766,2.7069506645202637,-1.0,-1.0,-1.0,-1.0,2.6673989295959473,-1.0,-1.0,-1.0,-1.0,2.696600914001465,-1.0,-1.0,-1.0,-1.0,2.726630449295044,-1.0,-1.0,-1.0,-1.0,2.678149461746216
63628dd44b68c3e97c1f7c8c,fcnn,multi_rec,multi_rec,None,None,10,6,None,None,-1.0,-1.0,-1.0,-1.0,2.876807451248169,0.5354719758033752,0.5396656721395672,0.5350611805915833,0.539920559582103,2.8942508697509766,0.5066733956336975,0.5747402150346796,0.5062886476516724,0.5751434557840817,2.778503656387329,0.5177150368690491,0.5489692997210004,0.5179297924041748,0.5489834707913909,2.7205286026000977,0.5202032327651978,0.5433588228752592,0.5202784538269043,0.5429527365035139,2.6909892559051514
63628dd44b68c3e97c1f7c98,fcnn,multi_rec,multi_rec,dtc,eucl,10,2,None,5.0,0.9970681667327881,0.0723938366285408,-1.0,-1.0,34.20779824256897,0.6102511882781982,0.48131027049357217,0.5998398661613464,0.47867653343363953,34.22605228424072,0.5580558776855469,0.47474678072182225,0.5358262062072754,0.4670979284060017,34.19243288040161,-1.0,-1.0,-1.0,-1.0,33.964638233184814,0.9984236359596252,0.32382764761949184,-1.0,-1.0,34.68441915512085
63628dd44b68c3e97c1f7c99,fcnn,multi_rec,multi_rec,dtc,eucl,10,2,PCA,5.0,0.6298553347587585,0.5059504732518284,0.6322454214096069,0.49945188116232314,35.380311489105225,0.6230505704879761,0.4909564428553965,0.6043655872344971,0.5021957176373018,34.631505727767944,0.999319851398468,0.00020488751236322374,-1.0,-1.0,35.029913902282715,-1.0,-1.0,-1.0,-1.0,33.61777687072754,0.649215817451477,0.46523888275543107,0.6561128497123718,0.45736757742048545,34.078567028045654
63628dd44b68c3e97c1f7c9a,fcnn,multi_rec,multi_rec,dtc,eucl,10,2,UMAP,5.0,-1.0,-1.0,-1.0,-1.0,34.53347325325012,0.5651524662971497,0.5662691164728453,0.5531166195869446,0.5590692037491093,34.47950720787048,0.33102479577064514,0.599420964925473,0.3575364351272583,0.5891640817371062,33.62935662269592,-1.0,-1.0,-1.0,-1.0,34.31349754333496,-1.0,-1.0,-1.0,-1.0,33.89507722854614
63628dd54b68c3e97c1f7c9b,fcnn,multi_rec,multi_rec,dtc,eucl,10,4,None,5.0,0.5242592692375183,0.44256087197217137,-1.0,-1.0,35.60097336769104,0.46796348690986633,0.5121996955980463,0.4613649547100067,0.5093421132591798,35.31197237968445,0.9950844049453735,0.37551521141275745,-1.0,-1.0,35.25626516342163,-1.0,-1.0,-1.0,-1.0,34.64789652824402,0.5920525193214417,0.5418054855739254,0.5909072160720825,0.5194968449802692,34.87959671020508
63628dd54b68c3e97c1f7c9c,fcnn,multi_rec,multi_rec,dtc,eucl,10,4,PCA,5.0,0.6354352235794067,0.5469330797226782,0.6227970123291016,0.49189136618893015,36.62800073623657,0.43946996331214905,0.47161607456851484,0.4312026798725128,0.4763900209085269,34.801772594451904,-1.0,-1.0,-1.0,-1.0,35.7072651386261,0.6086076498031616,0.39103005262583607,-1.0,-1.0,34.983967304229736,0.5282037854194641,0.5553870610474041,0.5225414037704468,0.546382006649261,35.13472867012024
63628dd54b68c3e97c1f7c9d,fcnn,multi_rec,multi_rec,dtc,eucl,10,4,UMAP,5.0,-1.0,-1.0,-1.0,-1.0,35.69802498817444,0.42478039860725403,0.4704866612065458,-1.0,-1.0,34.88017702102661,-1.0,-1.0,-1.0,-1.0,35.557645320892334,0.6129683256149292,0.5091108295377268,0.6056126356124878,0.47941362388784475,35.33494019508362,-1.0,-1.0,-1.0,-1.0,34.635504961013794
63628dd54b68c3e97c1f7c9e,fcnn,multi_rec,multi_rec,dtc,eucl,10,6,None,5.0,-1.0,-1.0,-1.0,-1.0,35.93627095222473,-1.0,-1.0,-1.0,-1.0,35.673828125,-1.0,-1.0,-1.0,-1.0,35.24054789543152,-1.0,-1.0,-1.0,-1.0,35.9315402507782,-1.0,-1.0,-1.0,-1.0,35.58129143714905
63628dd54b68c3e97c1f7c9f,fcnn,multi_rec,multi_rec,dtc,eucl,10,6,PCA,5.0,-1.0,-1.0,-1.0,-1.0,36.78942012786865,0.5111973881721497,0.4373000442713908,0.5009464621543884,0.5007561194243272,35.178643465042114,-1.0,-1.0,-1.0,-1.0,35.92659950256348,-1.0,-1.0,-1.0,-1.0,34.865222692489624,-1.0,-1.0,-1.0,-1.0,35.60230994224548
63628dd54b68c3e97c1f7ca0,fcnn,multi_rec,multi_rec,dtc,eucl,10,6,UMAP,5.0,0.5064793229103088,0.5056410137743651,-1.0,-1.0,36.0349760055542,-1.0,-1.0,-1.0,-1.0,35.57802391052246,0.4575444757938385,0.4652361424052767,-1.0,-1.0,35.54224896430969,-1.0,-1.0,-1.0,-1.0,35.44423985481262,0.43606898188591003,0.42550334738759243,-1.0,-1.0,35.15199112892151
63628dd54b68c3e97c1f7ca1,fcnn,multi_rec,multi_rec,dtc,cid,10,2,None,5.0,0.5285939574241638,0.6154156775147914,0.537438154220581,0.6366309392284888,55.350462675094604,-1.0,-1.0,-1.0,-1.0,48.828943490982056,0.9982467293739319,0.3627593203455949,-1.0,-1.0,49.25141358375549,-1.0,-1.0,-1.0,-1.0,48.971227169036865,0.6546090245246887,0.2366779367334665,-1.0,-1.0,48.77641797065735
63628dd54b68c3e97c1f7ca2,fcnn,multi_rec,multi_rec,dtc,cid,10,2,PCA,5.0,0.471134752035141,0.3641706020121376,0.4508577585220337,0.3462279662348609,55.4460551738739,-1.0,-1.0,-1.0,-1.0,48.381977796554565,0.5916698575019836,0.5446884063457299,0.5869836211204529,0.5568094631276,48.83528137207031,-1.0,-1.0,-1.0,-1.0,48.512794971466064,-1.0,-1.0,-1.0,-1.0,49.08753561973572
63628dd54b68c3e97c1f7ca3,fcnn,multi_rec,multi_rec,dtc,cid,10,2,UMAP,5.0,0.4702666103839874,0.6313760042400097,0.49778276681900024,0.6178243828192872,55.9347243309021,0.9995555281639099,0.0,-1.0,-1.0,49.58229923248291,0.9995555281639099,0.0,-1.0,-1.0,48.78623819351196,0.5576358437538147,0.5779586930279824,0.5573606491088867,0.5855609417398234,48.39088320732117,-1.0,-1.0,-1.0,-1.0,49.028493881225586
63628dd54b68c3e97c1f7ca4,fcnn,multi_rec,multi_rec,dtc,cid,10,4,None,5.0,-1.0,-1.0,-1.0,-1.0,57.031102418899536,0.32552459836006165,0.728073165452772,0.300575315952301,0.6751308860905446,50.760719776153564,-1.0,-1.0,-1.0,-1.0,50.41850471496582,-1.0,-1.0,-1.0,-1.0,49.55127930641174,0.27615007758140564,0.42263274886395275,-1.0,-1.0,50.36897683143616
63628dd54b68c3e97c1f7ca5,fcnn,multi_rec,multi_rec,dtc,cid,10,4,PCA,5.0,0.49386367201805115,0.3893690614519759,-1.0,-1.0,59.438860177993774,-1.0,-1.0,-1.0,-1.0,50.40852665901184,-1.0,-1.0,-1.0,-1.0,50.64529728889465,-1.0,-1.0,-1.0,-1.0,50.28238892555237,-1.0,-1.0,-1.0,-1.0,50.657686948776245
63628dd54b68c3e97c1f7ca6,fcnn,multi_rec,multi_rec,dtc,cid,10,4,UMAP,5.0,-1.0,-1.0,-1.0,-1.0,60.57468104362488,0.431729257106781,0.491841536040461,-1.0,-1.0,50.266064405441284,-1.0,-1.0,-1.0,-1.0,51.011664390563965,-1.0,-1.0,-1.0,-1.0,49.93695855140686,-1.0,-1.0,-1.0,-1.0,50.18544793128967
63628dd54b68c3e97c1f7ca7,fcnn,multi_rec,multi_rec,dtc,cid,10,6,None,5.0,-1.0,-1.0,-1.0,-1.0,61.31053829193115,-1.0,-1.0,-1.0,-1.0,52.013384103775024,-1.0,-1.0,-1.0,-1.0,51.93974781036377,-1.0,-1.0,-1.0,-1.0,52.164376974105835,0.6196804642677307,0.5127391216394225,0.6399291157722473,0.49596460617097704,52.127036333084106
63628dd54b68c3e97c1f7ca8,fcnn,multi_rec,multi_rec,dtc,cid,10,6,PCA,5.0,-1.0,-1.0,-1.0,-1.0,61.76106119155884,-1.0,-1.0,-1.0,-1.0,51.53999924659729,-1.0,-1.0,-1.0,-1.0,51.96320366859436,0.4382447302341461,0.49090037699112826,-1.0,-1.0,51.35255265235901,0.48372894525527954,0.4623388080332827,-1.0,-1.0,51.81864833831787
63628dd54b68c3e97c1f7ca9,fcnn,multi_rec,multi_rec,dtc,cid,10,6,UMAP,5.0,-1.0,-1.0,-1.0,-1.0,61.201849937438965,-1.0,-1.0,-1.0,-1.0,51.37910032272339,0.4863135814666748,0.41593941498912573,-1.0,-1.0,52.26143717765808,-1.0,-1.0,-1.0,-1.0,51.63676619529724,-1.0,-1.0,-1.0,-1.0,51.56825542449951
63628dd54b68c3e97c1f7caa,fcnn,vae,vae,None,None,10,2,None,None,0.07160116732120514,3.467616248154082,0.07096680998802185,3.505006498528173,2.7245590686798096,0.06908225268125534,3.5322894346953073,0.06975923478603363,3.5362496241368495,2.7128329277038574,0.07242254167795181,3.44765403369942,0.07135871052742004,3.4859578172443704,2.7315890789031982,0.07143394649028778,3.483587213533188,0.07141051441431046,3.5095322283553174,2.7315633296966553,0.06943704187870026,3.5355778688620485,0.07035431265830994,3.5116880016134853,2.7324702739715576
63628dd54b68c3e97c1f7cad,fcnn,vae,vae,None,None,10,4,None,None,0.06379939615726471,2.8050620118209,0.06347870826721191,2.797359875595864,2.691765785217285,0.06572162359952927,2.762434086678854,0.06551492214202881,2.7760617009279054,2.6897082328796387,0.06437757611274719,2.803970130958556,0.06522779911756516,2.786411414045672,2.701232433319092,0.06267771869897842,2.7974530845883745,0.06467702239751816,2.77531492474008,2.7112836837768555,0.06606483459472656,2.7572889340193116,0.064015232026577,2.8084234762014106,2.7363204956054688
63628dd54b68c3e97c1f7cb0,fcnn,vae,vae,None,None,10,6,None,None,0.0647316426038742,2.474268643810997,0.0664764940738678,2.4642300571106492,2.7555861473083496,0.06632177531719208,2.452157492493677,0.06611191481351852,2.4812982096078557,2.747420072555542,0.06299708783626556,2.4980992515785476,0.06387141346931458,2.5013287510327076,2.7170190811157227,0.06444304436445236,2.4632459742192947,0.06779392808675766,2.4487991810898357,2.7313804626464844,0.06574040651321411,2.488691468519869,0.0665256604552269,2.472272631217947,2.714811325073242
63628dd64b68c3e97c1f7cbc,fcnn,vae,vae,dtc,eucl,10,2,None,5.0,0.06329967081546783,3.7078257232240315,0.061702027916908264,3.786668783371109,35.62079739570618,0.06579799205064774,3.664227410219564,0.06467883288860321,3.69318950568861,34.75022006034851,0.06574803590774536,3.552591142626706,0.06619930267333984,3.4946526025317795,35.068609952926636,0.06671150773763657,3.4199882899522764,0.06909500807523727,3.439629921540441,34.03440570831299,0.06357132643461227,3.6794264261890586,0.06420523673295975,3.6562954967361563,34.11563158035278
63628dd64b68c3e97c1f7cbd,fcnn,vae,vae,dtc,eucl,10,2,PCA,5.0,0.13067664206027985,1.9278737532984243,0.123834989964962,2.0123682328557813,36.229857206344604,0.07001525908708572,3.369519682173231,0.06658361852169037,3.4237618648495554,34.022958517074585,0.0657026469707489,3.6856979259175047,0.06397909671068192,3.7377538256535163,35.58110022544861,0.05879713222384453,3.7904550522573723,0.0656292662024498,3.628613301140962,34.29146718978882,0.06126811355352402,3.8128072679853346,0.06478256732225418,3.6757503810111505,33.995356798172
63628dd64b68c3e97c1f7cbe,fcnn,vae,vae,dtc,eucl,10,2,UMAP,5.0,0.0624813586473465,3.7570681003556037,0.06166035309433937,3.7767613639552207,35.251495361328125,0.06307662278413773,3.6961401886653404,0.06543102860450745,3.6945107630794283,34.79678821563721,0.06382099539041519,3.7263570574538227,0.06826545298099518,3.5781422058833976,34.44590973854065,0.06436707824468613,3.7067709114269216,0.06247846037149429,3.7183441765766303,34.16836476325989,0.06559993326663971,3.6054398123446916,0.06591347604990005,3.650958262053059,35.07108998298645
63628dd64b68c3e97c1f7cbf,fcnn,vae,vae,dtc,eucl,10,4,None,5.0,0.047541096806526184,3.0783633996597186,0.05161680653691292,3.085444239393947,135.81774997711182,0.053670573979616165,3.016594763806768,0.055194780230522156,3.0210782909442884,35.18794536590576,0.05289272591471672,3.1096598143074425,0.05250966548919678,3.17271518846898,35.6435649394989,0.05075730383396149,3.177059971689379,0.05169873684644699,3.1224332315062946,35.114441871643066,0.05426632612943649,3.0226719338192254,0.053112275898456573,3.0440347466110627,34.68436813354492
63628dd64b68c3e97c1f7cc0,fcnn,vae,vae,dtc,eucl,10,4,PCA,5.0,0.05442524328827858,3.1257744591473613,0.05365072935819626,3.1469866495622627,45.37730550765991,0.047624796628952026,2.686030861245685,0.05145210027694702,2.6635537358763677,35.1565797328949,0.04999507963657379,3.135450820488922,0.04986659437417984,3.1260698120410084,34.70916390419006,0.05471675470471382,2.997051429806856,0.05477062240242958,3.1105983712068657,35.41121864318848,0.05365292727947235,3.0500546475752217,0.054212529212236404,3.029294648044144,34.44377017021179
63628dd64b68c3e97c1f7cc1,fcnn,vae,vae,dtc,eucl,10,4,UMAP,5.0,0.0543130487203598,3.12335908348877,0.0526433065533638,3.191647596080326,40.980379819869995,0.05280020460486412,3.1054899597187435,0.05518414452672005,3.008548476637085,34.9728524684906,0.04945502057671547,2.6401435695638975,-1.0,-1.0,34.74377918243408,0.050219178199768066,3.222805508653535,0.050567902624607086,3.2473199806974558,34.364304542541504,0.05364084243774414,3.0457461254280966,0.05342260003089905,3.1228000118321875,36.33738708496094
63628dd64b68c3e97c1f7cc2,fcnn,vae,vae,dtc,eucl,10,6,None,5.0,0.05168946832418442,2.7614238990206474,0.052038148045539856,2.801240492611413,41.31656503677368,0.05379115045070648,2.711969735152417,0.054724548012018204,2.6970646251213206,36.04315972328186,0.04871902987360954,2.93302909319523,0.04744456708431244,2.9021169953694987,36.29519271850586,0.050760023295879364,2.825951971608022,0.05055154114961624,2.8768692109487297,35.81994652748108,0.048810068517923355,2.806342725093644,0.04838766157627106,2.876944457314094,35.54314398765564
63628dd64b68c3e97c1f7cc3,fcnn,vae,vae,dtc,eucl,10,6,PCA,5.0,0.05225282162427902,2.7564560441672445,0.051271550357341766,2.766021355562008,41.564244747161865,0.053656067699193954,2.701563677884991,0.05137791484594345,2.7318576021577825,34.64030981063843,0.05142667144536972,2.741017791428945,0.05137861520051956,2.8011575151542587,35.70975399017334,0.05048733949661255,2.806281846225957,0.04924239590764046,2.8553994406519094,36.2408344745636,0.052362557500600815,2.7577922936005375,0.051708340644836426,2.7441826420550375,35.75884437561035
63628dd64b68c3e97c1f7cc4,fcnn,vae,vae,dtc,eucl,10,6,UMAP,5.0,0.050674065947532654,2.8412724519925887,0.04860099405050278,2.8219869628620793,41.22087335586548,0.05215124413371086,2.8091518605537984,0.051277175545692444,2.8295583495113577,35.76156258583069,0.04975195229053497,2.899268534472526,0.04978285729885101,2.8464765444224613,35.92763614654541,0.04943661019206047,2.7227385971181595,0.05114564299583435,2.788131233539892,34.875006914138794,0.05006365850567818,2.7439735989215954,0.05065744370222092,2.7956099680040207,35.776246786117554
63628dd64b68c3e97c1f7cc5,fcnn,vae,vae,dtc,cid,10,2,None,5.0,-1.0,-1.0,-1.0,-1.0,54.359503984451294,-0.11576985567808151,2.9750253523238337,-0.14283119142055511,3.411410281680473,49.924089431762695,-0.172341451048851,2.475390311814167,-0.21577084064483643,3.110983259555408,55.42692708969116,-1.0,-1.0,-1.0,-1.0,49.110997915267944,-1.0,-1.0,-1.0,-1.0,49.13803958892822
63628dd64b68c3e97c1f7cc6,fcnn,vae,vae,dtc,cid,10,2,PCA,5.0,0.062404390424489975,3.6495845950910297,0.059195734560489655,3.7071480957769434,53.96883177757263,-1.0,-1.0,-1.0,-1.0,49.3545138835907,-1.0,-1.0,-1.0,-1.0,55.72436285018921,-1.0,-1.0,-1.0,-1.0,49.19711446762085,-1.0,-1.0,-1.0,-1.0,48.885934352874756
63628dd64b68c3e97c1f7cc7,fcnn,vae,vae,dtc,cid,10,2,UMAP,5.0,-0.21409791707992554,2.658834139133437,-1.0,-1.0,53.70698142051697,0.04905875772237778,3.637405660732151,0.05472652241587639,3.5816387914055605,49.16587710380554,-1.0,-1.0,-1.0,-1.0,55.50001525878906,-1.0,-1.0,-1.0,-1.0,48.594104528427124,-0.15314465761184692,2.9491124268547386,-0.16241566836833954,3.1057368266111864,48.85639572143555
63628dd64b68c3e97c1f7cc8,fcnn,vae,vae,dtc,cid,10,4,None,5.0,-1.0,-1.0,-1.0,-1.0,55.305033683776855,-1.0,-1.0,-1.0,-1.0,50.117483615875244,-1.0,-1.0,-1.0,-1.0,56.778929233551025,-1.0,-1.0,-1.0,-1.0,50.484431982040405,-1.0,-1.0,-1.0,-1.0,50.51628828048706
63628dd64b68c3e97c1f7cc9,fcnn,vae,vae,dtc,cid,10,4,PCA,5.0,-1.0,-1.0,-1.0,-1.0,55.159971475601196,-1.0,-1.0,-1.0,-1.0,50.038700580596924,-1.0,-1.0,-1.0,-1.0,56.77691149711609,-1.0,-1.0,-1.0,-1.0,50.384138345718384,-1.0,-1.0,-1.0,-1.0,49.44789123535156
63628dd64b68c3e97c1f7cca,fcnn,vae,vae,dtc,cid,10,4,UMAP,5.0,-1.0,-1.0,-1.0,-1.0,55.138049602508545,-1.0,-1.0,-1.0,-1.0,50.13063645362854,-0.05562327057123184,6.093319007053142,-0.05403705686330795,6.476229716308863,56.79134011268616,-1.0,-1.0,-1.0,-1.0,50.81703042984009,-1.0,-1.0,-1.0,-1.0,49.80302882194519
63628dd64b68c3e97c1f7ccb,fcnn,vae,vae,dtc,cid,10,6,None,5.0,-0.277730256319046,4.500457398985913,-1.0,-1.0,56.149235010147095,-1.0,-1.0,-1.0,-1.0,50.932782888412476,-1.0,-1.0,-1.0,-1.0,58.207355976104736,-1.0,-1.0,-1.0,-1.0,51.231133699417114,-1.0,-1.0,-0.25725865364074707,3.9934098751840743,51.32239508628845
63628dd64b68c3e97c1f7ccc,fcnn,vae,vae,dtc,cid,10,6,PCA,5.0,-1.0,-1.0,-1.0,-1.0,56.98842263221741,-1.0,-1.0,-1.0,-1.0,51.59052562713623,-1.0,-1.0,-1.0,-1.0,57.675055265426636,-1.0,-1.0,-1.0,-1.0,51.79241466522217,-1.0,-1.0,-1.0,-1.0,51.77398228645325
63628dd64b68c3e97c1f7ccd,fcnn,vae,vae,dtc,cid,10,6,UMAP,5.0,-1.0,-1.0,-1.0,-1.0,56.72136116027832,-1.0,-1.0,-1.0,-1.0,50.796753883361816,-1.0,-1.0,-1.0,-1.0,57.53034782409668,-1.0,-1.0,-1.0,-1.0,51.234954833984375,-1.0,-1.0,-1.0,-1.0,51.33237147331238
63628dd64b68c3e97c1f7cce,resnet,mse,mse,None,None,10,2,None,None,0.6491860747337341,0.4804569288503208,0.65397047996521,0.475156137132604,6.943056583404541,0.5875465273857117,0.6008215293270678,0.5875397324562073,0.6013729897251398,6.4181458950042725,0.6783177256584167,0.5374476231334286,0.6748429536819458,0.5404803704869585,7.351690292358398,0.6478729248046875,0.49651379258609385,0.652592658996582,0.48821188576526325,5.874817848205566,0.5680974125862122,0.604560237333969,0.5712606310844421,0.603188835726038,5.910689353942871
63628dd64b68c3e97c1f7cd1,resnet,mse,mse,None,None,10,4,None,None,0.4366191327571869,0.8215137092174097,0.4384700655937195,0.8206723713319164,5.936946630477905,0.477888286113739,0.6998080577567267,0.4832794666290283,0.6929254215059204,5.876363515853882,0.5007413029670715,0.7349678837487101,0.4883944094181061,0.7434265015776991,7.273758888244629,0.3927701711654663,0.8870426252447366,0.4008786976337433,0.8752227540728158,5.908955812454224,0.40140560269355774,0.8873565033329534,0.39996322989463806,0.8729045200002388,5.889452219009399
63628dd64b68c3e97c1f7cd4,resnet,mse,mse,None,None,10,6,None,None,0.3637273609638214,0.8709091216665904,0.3672104775905609,0.8698324612383312,5.8873419761657715,0.3947957456111908,0.9569433455847599,0.38705044984817505,1.0218861652979498,5.91809344291687,0.4635831117630005,0.6429043146911819,0.4654523730278015,0.6333644508824511,7.375788688659668,0.4662201702594757,0.676151497199385,0.4546215534210205,0.6977479323220871,5.882074594497681,0.5142450928688049,0.6121728160033957,0.5159450173377991,0.6119940981961075,5.913206577301025
63628dd74b68c3e97c1f7ce0,resnet,mse,mse,dtc,eucl,10,2,None,5.0,0.7004740834236145,0.5014080371946554,0.6721025109291077,0.5512647992904492,45.548155546188354,0.7735666036605835,0.41179825360461286,0.770905613899231,0.4402277422294843,41.90533661842346,0.7684552073478699,0.5363303098583402,0.7725874781608582,0.4422116668389468,44.22862005233765,0.7118963599205017,0.35904839500408403,0.7118358016014099,0.3615202900570185,41.61365270614624,0.7599421739578247,0.4035083355276067,0.7653859257698059,0.3956484811178421,41.58219361305237
63628dd74b68c3e97c1f7ce1,resnet,mse,mse,dtc,eucl,10,2,PCA,5.0,0.6823952198028564,0.4174450430688389,0.6651864051818848,0.42969761106656723,46.13096380233765,0.7444963455200195,0.45716649520015806,0.7273324131965637,0.47898274731169155,41.26785922050476,0.6354802250862122,0.48343386363613156,0.6306445002555847,0.41877267050022154,43.66572093963623,0.7791414856910706,0.4510645883301195,0.7818114161491394,0.445415487951865,41.902201890945435,0.7246215343475342,0.3697632263263859,0.7080194354057312,0.37071078645965533,40.6168897151947
63628dd74b68c3e97c1f7ce2,resnet,mse,mse,dtc,eucl,10,2,UMAP,5.0,0.8664302229881287,0.3382713542515646,0.8772944808006287,0.30677589288489737,46.40555763244629,0.7201778292655945,0.4481992126146729,0.6943992376327515,0.4700060414548188,41.74807596206665,0.7901356220245361,0.4261166213069788,0.7814760208129883,0.4290778435466806,43.92256784439087,0.6469663381576538,0.4804155633289951,0.6537826657295227,0.4643884666193818,41.57955980300903,0.6511017084121704,0.5706686970736177,0.6507890224456787,0.5766837309696197,41.33797883987427
63628dd74b68c3e97c1f7ce3,resnet,mse,mse,dtc,eucl,10,4,None,5.0,0.6601080894470215,0.5748875271915449,0.622832715511322,0.5666432060054186,45.63451671600342,0.6051557064056396,0.5451731654348703,0.6051478981971741,0.5583746148964026,42.01865077018738,0.6045882105827332,0.8388750411297674,0.5819993019104004,0.7983526041348626,44.365724325180054,0.5776537656784058,0.8229791367946695,0.5480443239212036,0.7474974942477852,42.00593972206116,-1.0,-1.0,-1.0,-1.0,43.30383849143982
63628dd74b68c3e97c1f7ce4,resnet,mse,mse,dtc,eucl,10,4,PCA,5.0,-1.0,-1.0,-1.0,-1.0,42.730342388153076,-1.0,-1.0,-1.0,-1.0,42.596009492874146,0.8131825923919678,0.4895061654810936,0.7958539128303528,0.4987135407389507,44.458662033081055,0.7004851698875427,0.46736318581373576,0.7119023203849792,0.48728874745546846,41.443071365356445,-1.0,-1.0,-1.0,-1.0,42.36257481575012
63628dd74b68c3e97c1f7ce5,resnet,mse,mse,dtc,eucl,10,4,UMAP,5.0,-1.0,-1.0,-1.0,-1.0,42.06783866882324,0.6116334199905396,0.536018415460467,0.6164219975471497,0.5566303009171154,41.76842498779297,-1.0,-1.0,-1.0,-1.0,44.78363370895386,0.5603733062744141,0.9260512661848824,0.5776779055595398,0.8448856081373601,42.14958071708679,0.6348656415939331,0.43535676522329825,0.6398516893386841,0.5097940820081669,41.67940425872803
63628dd74b68c3e97c1f7ce6,resnet,mse,mse,dtc,eucl,10,6,None,5.0,0.3865700364112854,0.6065047314057038,0.3863798975944519,0.626499337218428,43.33448314666748,0.6796674132347107,0.6792449009056343,0.6736459136009216,0.6652018353284479,42.92024874687195,-1.0,-1.0,-1.0,-1.0,45.23650932312012,-1.0,-1.0,-1.0,-1.0,42.49278950691223,-1.0,-1.0,-1.0,-1.0,42.28731894493103
63628dd74b68c3e97c1f7ce7,resnet,mse,mse,dtc,eucl,10,6,PCA,5.0,0.43716514110565186,0.5566317047285213,-1.0,-1.0,43.058467388153076,-1.0,-1.0,-1.0,-1.0,42.735042572021484,0.6192302107810974,0.6313217181159044,-1.0,-1.0,45.44038677215576,0.5528908967971802,0.8475171333839516,0.5274055004119873,0.8439402460794693,42.97901797294617,-1.0,-1.0,-1.0,-1.0,42.53185439109802
63628dd74b68c3e97c1f7ce8,resnet,mse,mse,dtc,eucl,10,6,UMAP,5.0,-1.0,-1.0,-1.0,-1.0,43.304457664489746,0.543995201587677,0.5676479257271217,0.5494641661643982,0.5575577277353414,43.36190843582153,0.5869159698486328,0.5026929201365162,-1.0,-1.0,44.89174151420593,-1.0,-1.0,-1.0,-1.0,42.53424525260925,-1.0,-1.0,-1.0,-1.0,42.83538556098938
63628dd74b68c3e97c1f7ce9,resnet,mse,mse,dtc,cid,10,2,None,5.0,0.7194948196411133,0.44491667477254687,0.7042859196662903,0.46461194220311186,56.180195331573486,0.555250346660614,0.6666179987107443,0.5533526539802551,0.6662228516698276,56.802483558654785,0.6969216465950012,0.740505437647313,0.6915346384048462,0.7163711944484222,63.6287477016449,0.7215191125869751,0.46217998292605295,0.7237316370010376,0.47551904551733254,56.34316349029541,0.6881465911865234,0.5258759755067736,0.6898971199989319,0.5111503945562981,56.63996720314026
63628dd74b68c3e97c1f7cea,resnet,mse,mse,dtc,cid,10,2,PCA,5.0,0.6135910153388977,0.6364940093792701,0.605425238609314,0.6421059253157793,56.493945598602295,0.5901855230331421,0.6043606868280766,0.648177981376648,0.5645232369910699,56.87494158744812,0.5488286018371582,0.6431261725580706,0.5584768056869507,0.6367778977823236,64.99910354614258,0.7138208746910095,0.5161205612951749,0.7041969895362854,0.5116886541156268,55.88311839103699,0.6303579211235046,0.5431040689665517,0.6340732574462891,0.5303522908702905,55.986416816711426
63628dd74b68c3e97c1f7ceb,resnet,mse,mse,dtc,cid,10,2,UMAP,5.0,-1.0,-1.0,-1.0,-1.0,56.63378405570984,0.6611191630363464,0.5237665081638462,0.6663126945495605,0.5118019411410817,56.85679078102112,0.70267653465271,0.40625264724459564,0.708735466003418,0.4007644000872641,64.58362460136414,0.6391101479530334,0.5267303378620477,0.6293423175811768,0.5334246893069668,55.578542709350586,0.767407238483429,0.6715253440724003,0.7575748562812805,0.6849086320798811,56.77536058425903
63628dd74b68c3e97c1f7cec,resnet,mse,mse,dtc,cid,10,4,None,5.0,0.652056872844696,0.5115972151146327,0.6406445503234863,0.5354440400411463,58.50767540931702,0.6875470876693726,0.6327330223506603,0.6720176935195923,0.6558878583887511,57.419625759124756,0.6243566870689392,0.5475797673123728,0.6166815161705017,0.5576891678550036,65.42057776451111,0.34466493129730225,0.8244158160958064,0.37274274230003357,1.0132447877088624,56.87240171432495,0.612394392490387,0.6283473136761061,0.6111823916435242,0.49819352679262,57.54844903945923
63628dd74b68c3e97c1f7ced,resnet,mse,mse,dtc,cid,10,4,PCA,5.0,0.5732529163360596,0.6723960972480627,0.5503135919570923,0.5954216497433577,57.613436698913574,0.5834311842918396,0.6636565578865118,-1.0,-1.0,58.180582761764526,-1.0,-1.0,-1.0,-1.0,65.71500587463379,0.5893967747688293,0.5829284281392533,-1.0,-1.0,57.01309847831726,-1.0,-1.0,-1.0,-1.0,57.66374635696411
63628dd74b68c3e97c1f7cee,resnet,mse,mse,dtc,cid,10,4,UMAP,5.0,-1.0,-1.0,0.5997560620307922,0.5344030475728295,57.98832583427429,0.6251599192619324,0.5214000474045406,0.6290744543075562,0.5358452639635949,57.235366344451904,0.4403836131095886,0.43255100549731085,0.44982847571372986,0.4418832218598953,64.71784162521362,0.7395865321159363,0.5789224245594228,0.7204136252403259,0.5789039586024349,57.55184292793274,0.43204599618911743,0.6292538032334962,0.44496360421180725,0.6182042786323383,57.146536111831665
63628dd74b68c3e97c1f7cef,resnet,mse,mse,dtc,cid,10,6,None,5.0,-1.0,-1.0,-1.0,-1.0,59.302868127822876,-1.0,-1.0,-1.0,-1.0,59.177924156188965,0.34405696392059326,0.8391022459954036,0.3506681025028229,0.8312779059814713,67.10399150848389,-1.0,-1.0,-1.0,-1.0,58.463486671447754,0.3912949860095978,0.742476130181633,-1.0,-1.0,58.86496925354004
63628dd74b68c3e97c1f7cf0,resnet,mse,mse,dtc,cid,10,6,PCA,5.0,-1.0,-1.0,0.5902394652366638,1.008596307670322,59.733630657196045,0.5017759203910828,0.7066057393752029,-1.0,-1.0,58.81939435005188,0.6093194484710693,0.4801308221957532,-1.0,-1.0,66.80704069137573,-1.0,-1.0,-1.0,-1.0,59.155107498168945,-1.0,-1.0,-1.0,-1.0,57.98755407333374
63628dd74b68c3e97c1f7cf1,resnet,mse,mse,dtc,cid,10,6,UMAP,5.0,-1.0,-1.0,-1.0,-1.0,58.80721092224121,-1.0,-1.0,-1.0,-1.0,58.698039531707764,-1.0,-1.0,-1.0,-1.0,67.580819606781,-1.0,-1.0,-1.0,-1.0,58.812209606170654,-1.0,-1.0,-1.0,-1.0,58.741528272628784
63628dd74b68c3e97c1f7cf2,resnet,multi_rec,multi_rec,None,None,10,2,None,None,0.5927296280860901,0.564907600197293,0.5955418944358826,0.5553798474496959,6.0588202476501465,0.5639956593513489,0.5889285728696767,0.5614221096038818,0.5938430818187043,6.056903600692749,0.5606066584587097,0.6017701733090364,0.5578749179840088,0.6053070067056988,7.649491548538208,0.5270448327064514,0.6904586909628204,0.5261845588684082,0.6892478003593272,6.066214084625244,0.5799880027770996,0.5659797435787559,0.5828898549079895,0.5590669408735395,6.07553505897522
63628dd74b68c3e97c1f7cf5,resnet,multi_rec,multi_rec,None,None,10,4,None,None,0.44789376854896545,0.6794458265942632,0.4568759799003601,0.667902006945325,6.078579425811768,0.5370633602142334,0.5555553137335888,0.5357892513275146,0.5508309955673583,6.095536231994629,0.5155910849571228,0.5880155514984953,0.5303375720977783,0.5759595851312482,7.678351402282715,0.5243536829948425,0.562907860144517,0.5375533103942871,0.552812125399844,6.078937530517578,0.47574034333229065,0.647682992603627,0.4706101417541504,0.6488365409519312,6.060100793838501
63628dd74b68c3e97c1f7cf8,resnet,multi_rec,multi_rec,None,None,10,6,None,None,0.4894893169403076,0.6547391926273942,0.4829525947570801,0.6716182501081375,6.071848392486572,0.5891048312187195,0.5061453035589133,0.594572901725769,0.5026950727226617,6.1132752895355225,0.542482316493988,0.6018600779549036,0.5402012467384338,0.5920590889312525,7.683359622955322,0.5510268211364746,0.5603593283606123,0.5465714931488037,0.5861994075520366,6.099964380264282,0.7495553493499756,0.6689696112379496,0.7505568861961365,0.7143992967873444,6.0861828327178955
63628dd84b68c3e97c1f7d04,resnet,multi_rec,multi_rec,dtc,eucl,10,2,None,5.0,0.7108985185623169,0.279813818864433,0.761014997959137,0.3738276606201394,42.18795609474182,0.835392415523529,0.24235632866557066,0.8169521689414978,0.2734268707375429,42.13092279434204,-1.0,-1.0,0.6620934009552002,0.2403530440639043,44.69362211227417,0.19494815170764923,1.671717619295181,0.18090812861919403,1.6863668285189652,41.39441514015198,0.6147931814193726,0.5746198353269009,0.6334339380264282,0.5586656282894499,41.91801977157593
63628dd84b68c3e97c1f7d05,resnet,multi_rec,multi_rec,dtc,eucl,10,2,PCA,5.0,0.918947696685791,0.14391736905315908,0.9271920323371887,0.052493988473330755,41.96719789505005,0.9599565863609314,0.20475361108232043,0.9601086378097534,0.18584181333341832,42.01094460487366,0.5934037566184998,0.6199239255386785,0.6202068328857422,0.615244463607729,43.414430141448975,0.3733867108821869,0.6933929354721198,0.3037760555744171,0.7339912058906171,41.78216600418091,-1.0,-1.0,0.7009533643722534,0.22983557472590666,41.585556507110596
63628dd84b68c3e97c1f7d06,resnet,multi_rec,multi_rec,dtc,eucl,10,2,UMAP,5.0,0.7805026173591614,0.3714662267837063,0.8032520413398743,0.3948534204202324,41.257304430007935,0.8321583867073059,0.25265003730336305,0.8218562006950378,0.28054628287604166,41.3689079284668,0.8937508463859558,0.19453939073715848,0.9058917164802551,0.20774605631566623,44.18403697013855,-1.0,-1.0,-1.0,-1.0,41.79711127281189,0.6797458529472351,0.3391205001144749,0.6874058842658997,0.34093813238606685,41.453232288360596
63628dd84b68c3e97c1f7d07,resnet,multi_rec,multi_rec,dtc,eucl,10,4,None,5.0,0.9282864332199097,0.5079140982679188,0.9420841932296753,0.4632970526778155,42.76597332954407,-1.0,-1.0,-1.0,-1.0,42.59427261352539,-1.0,-1.0,-1.0,-1.0,44.79702687263489,-1.0,-1.0,-1.0,-1.0,41.83292818069458,-1.0,-1.0,-1.0,-1.0,41.867297887802124
63628dd84b68c3e97c1f7d08,resnet,multi_rec,multi_rec,dtc,eucl,10,4,PCA,5.0,-1.0,-1.0,-1.0,-1.0,43.212794065475464,0.7219591736793518,0.5206586950531008,0.6876019239425659,0.48733223408900284,42.242464542388916,-1.0,-1.0,-1.0,-1.0,45.30494427680969,-1.0,-1.0,-1.0,-1.0,41.97858142852783,-1.0,-1.0,-1.0,-1.0,42.16270971298218
63628dd84b68c3e97c1f7d09,resnet,multi_rec,multi_rec,dtc,eucl,10,4,UMAP,5.0,-1.0,-1.0,0.33552995324134827,0.7901619585158706,42.67649841308594,-1.0,-1.0,-1.0,-1.0,42.954182147979736,0.8340173363685608,0.6114309439882193,-1.0,-1.0,45.34466004371643,0.3763139247894287,0.7955560960352304,-1.0,-1.0,42.40362477302551,-1.0,-1.0,-1.0,-1.0,42.69716763496399
63628dd84b68c3e97c1f7d0a,resnet,multi_rec,multi_rec,dtc,eucl,10,6,None,5.0,-1.0,-1.0,0.3255193829536438,0.9758377697961218,45.23894548416138,-1.0,-1.0,-1.0,-1.0,43.08519673347473,-1.0,-1.0,-1.0,-1.0,45.486345529556274,-1.0,-1.0,-1.0,-1.0,42.8040554523468,-1.0,-1.0,-1.0,-1.0,42.71197819709778
63628dd84b68c3e97c1f7d0b,resnet,multi_rec,multi_rec,dtc,eucl,10,6,PCA,5.0,-1.0,-1.0,-1.0,-1.0,43.22646880149841,-1.0,-1.0,-1.0,-1.0,42.93244028091431,-1.0,-1.0,-1.0,-1.0,45.574979305267334,-1.0,-1.0,-1.0,-1.0,43.021541595458984,-1.0,-1.0,-1.0,-1.0,42.80836462974548
63628dd84b68c3e97c1f7d0c,resnet,multi_rec,multi_rec,dtc,eucl,10,6,UMAP,5.0,-1.0,-1.0,-1.0,-1.0,43.542198181152344,-1.0,-1.0,-1.0,-1.0,42.71462368965149,-1.0,-1.0,-1.0,-1.0,45.11707139015198,-1.0,-1.0,-1.0,-1.0,42.14754271507263,-1.0,-1.0,-1.0,-1.0,41.98496699333191
63628dd84b68c3e97c1f7d0d,resnet,multi_rec,multi_rec,dtc,cid,10,2,None,5.0,-1.0,-1.0,-1.0,-1.0,56.55150866508484,0.6033077239990234,0.2946068834241098,0.6028621792793274,0.2960072847422385,56.515360593795776,0.11470858007669449,0.6688809422036468,0.09811573475599289,0.6761309370465411,65.8852288722992,-1.0,-1.0,-1.0,-1.0,55.98219442367554,0.7547703385353088,0.6643369686455779,0.7720170617103577,0.6214429391291072,56.35391283035278
63628dd84b68c3e97c1f7d0e,resnet,multi_rec,multi_rec,dtc,cid,10,2,PCA,5.0,-1.0,-1.0,-1.0,-1.0,56.61903119087219,-1.0,-1.0,-1.0,-1.0,56.30566334724426,0.6984739899635315,0.47382200982748907,0.696829617023468,0.4966060674381072,65.096031665802,0.32089105248451233,0.5145906100802978,0.3025570809841156,0.523100159485035,56.32315468788147,0.5703168511390686,0.35382517078298065,0.5136340260505676,0.3692190039317595,56.337509870529175
63628dd84b68c3e97c1f7d0f,resnet,multi_rec,multi_rec,dtc,cid,10,2,UMAP,5.0,0.4925615191459656,0.8345055960943226,0.48626062273979187,0.8272851937092094,57.184677839279175,0.42660269141197205,0.6531151564778808,0.41558995842933655,0.6999353594212967,56.28441381454468,0.02560650184750557,0.793562155163515,0.003237980417907238,0.8076645948866463,66.38290238380432,0.13706132769584656,0.7824220608342786,0.15123291313648224,0.7786033115257461,55.68413805961609,-1.0,-1.0,-1.0,-1.0,56.455376863479614
63628dd84b68c3e97c1f7d10,resnet,multi_rec,multi_rec,dtc,cid,10,4,None,5.0,0.24956227838993073,0.6378830740044276,-1.0,-1.0,58.20080208778381,0.26179563999176025,0.7761919587453334,0.24220025539398193,0.8120430283729686,57.51998686790466,0.39176979660987854,0.5094310487526069,0.3812621235847473,0.5221945765255244,69.46700763702393,-1.0,-1.0,-1.0,-1.0,57.766313552856445,-1.0,-1.0,-1.0,-1.0,57.964792251586914
63628dd84b68c3e97c1f7d11,resnet,multi_rec,multi_rec,dtc,cid,10,4,PCA,5.0,-1.0,-1.0,-1.0,-1.0,57.8047034740448,0.2798430323600769,0.5282432141034503,0.31405073404312134,0.5473420266269893,57.77157926559448,-1.0,-1.0,-1.0,-1.0,69.13690137863159,-1.0,-1.0,-1.0,-1.0,57.05946493148804,-1.0,-1.0,-1.0,-1.0,57.51062345504761
63628dd84b68c3e97c1f7d12,resnet,multi_rec,multi_rec,dtc,cid,10,4,UMAP,5.0,-1.0,-1.0,-1.0,-1.0,57.60155463218689,-1.0,-1.0,-1.0,-1.0,57.783458948135376,0.39279693365097046,0.9299997778105887,-1.0,-1.0,68.79500985145569,-1.0,-1.0,-1.0,-1.0,57.556639194488525,-1.0,-1.0,-1.0,-1.0,57.31076502799988
63628dd84b68c3e97c1f7d13,resnet,multi_rec,multi_rec,dtc,cid,10,6,None,5.0,-1.0,-1.0,-1.0,-1.0,59.029778480529785,-1.0,-1.0,-1.0,-1.0,58.3772246837616,-1.0,-1.0,-1.0,-1.0,70.55370783805847,-1.0,-1.0,-1.0,-1.0,59.52471423149109,-1.0,-1.0,-1.0,-1.0,58.28879475593567
63628dd84b68c3e97c1f7d14,resnet,multi_rec,multi_rec,dtc,cid,10,6,PCA,5.0,-1.0,-1.0,-1.0,-1.0,59.019490480422974,0.4807380139827728,0.6556938765654036,0.47258204221725464,0.6640647447441915,59.582435607910156,-1.0,-1.0,-1.0,-1.0,70.71903729438782,-1.0,-1.0,-1.0,-1.0,59.64049792289734,-1.0,-1.0,-1.0,-1.0,58.725834131240845
63628dd84b68c3e97c1f7d15,resnet,multi_rec,multi_rec,dtc,cid,10,6,UMAP,5.0,0.20634230971336365,0.7952863466339161,0.22845198214054108,0.7573643288260733,58.77341938018799,0.4885520935058594,0.5250286023668215,0.4718282222747803,0.5126714514299459,59.91285061836243,0.7172876596450806,0.6090683649380154,0.7132977247238159,0.5315019575252808,69.6087577342987,-1.0,-1.0,-1.0,-1.0,58.90814208984375,-1.0,-1.0,-1.0,-1.0,58.68526220321655
63628dd84b68c3e97c1f7d16,resnet,vae,vae,None,None,10,2,None,None,0.07152190804481506,3.471781022387636,0.07237106561660767,3.4660086122405422,5.9281532764434814,0.07135998457670212,3.4850676260521456,0.0718652531504631,3.4635038795475817,5.9258599281311035,0.07231581956148148,3.4675751393471956,0.07002301514148712,3.5032205110690944,70.2954363822937,0.07062634825706482,3.521343213884755,0.0704445019364357,3.4975869623959177,5.932150363922119,0.06930545717477798,3.5205030704117037,0.07074039429426193,3.4954418913804433,5.895653247833252
63628dd84b68c3e97c1f7d19,resnet,vae,vae,None,None,10,4,None,None,0.0642789751291275,2.776831744983296,0.0644274577498436,2.801009642278694,5.9262964725494385,0.06501279026269913,2.760124175294735,0.06415870785713196,2.771264807739596,5.9005396366119385,0.0639801025390625,2.8095453931847487,0.06563891470432281,2.7638593015989814,70.47846293449402,0.06345190852880478,2.769864611764503,0.06671241670846939,2.738746528227757,5.940762519836426,0.0660894587635994,2.7488005722651496,0.06328769028186798,2.798754838271986,5.953325510025024
63628dd84b68c3e97c1f7d1c,resnet,vae,vae,None,None,10,6,None,None,0.06861511617898941,2.4406211235828037,0.06601296365261078,2.443047319304003,5.950327157974243,0.06535184383392334,2.4797318464253215,0.06608553230762482,2.4640096799030555,5.960691928863525,0.06676902621984482,2.4506915907584546,0.06546363234519958,2.487152030689049,18.471466064453125,0.0666332021355629,2.4644238881805216,0.06649685651063919,2.470045826781169,5.918594837188721,0.06565196067094803,2.458782711304454,0.06524787098169327,2.511330802419144,5.929086208343506
63628dd94b68c3e97c1f7d28,resnet,vae,vae,dtc,eucl,10,2,None,5.0,0.06432158499956131,3.454175344874856,0.06478481739759445,3.5683488366360527,42.622841358184814,0.15544572472572327,2.092036447077877,0.1608579456806183,1.9350196864971678,42.007577657699585,0.06586054712533951,3.6800974410941834,0.06818601489067078,3.574547324201464,47.79395580291748,0.06424584984779358,3.6270967031069605,0.06502974778413773,3.685988760565831,41.77515244483948,0.06302548199892044,3.6996120842425317,0.0613253191113472,3.6881605555078822,41.703564405441284
63628dd94b68c3e97c1f7d29,resnet,vae,vae,dtc,eucl,10,2,PCA,5.0,0.06530419737100601,3.64507851812556,0.06237746775150299,3.765218303083265,42.40300726890564,0.06351830065250397,3.7211889240130884,0.06419361382722855,3.717499622951512,41.73264265060425,0.06033282354474068,3.8320649034476,0.06375867873430252,3.696031742449072,47.663010597229004,0.06486545503139496,3.7156513581969746,0.06159605458378792,3.7366447272460763,41.758636236190796,0.06604444980621338,3.628230708433988,0.06493005156517029,3.66771986416502,41.893184423446655
63628dd94b68c3e97c1f7d2a,resnet,vae,vae,dtc,eucl,10,2,UMAP,5.0,0.06580300629138947,3.618271096174433,0.06667298823595047,3.5741341848411867,42.08059072494507,0.056773290038108826,3.5120464372116866,0.07472383975982666,3.3970758329584423,42.77474927902222,0.06519368290901184,3.6576003608971996,0.06409870088100433,3.6916033180208454,46.85392737388611,0.06596650183200836,3.6715316100791915,0.06530618667602539,3.6498536903346324,42.354631185531616,0.06323345750570297,3.614686738602295,0.06716438382863998,3.577529824305265,41.747467041015625
63628dd94b68c3e97c1f7d2b,resnet,vae,vae,dtc,eucl,10,4,None,5.0,0.052708882838487625,3.046821568356513,0.04999222606420517,3.1876363029661294,43.02619457244873,0.05394633486866951,3.0673344917037,0.051520977169275284,3.153775276152361,42.71464467048645,0.056214574724435806,2.9468903656910292,0.053811170160770416,3.024263636752114,47.12849712371826,0.05622614175081253,3.101445997431999,0.05231957882642746,3.1617856898484336,42.780375719070435,0.05220787227153778,3.09828598039788,0.054892610758543015,3.018269389657286,42.06836557388306
63628dd94b68c3e97c1f7d2c,resnet,vae,vae,dtc,eucl,10,4,PCA,5.0,0.05156297981739044,3.0422754301127255,0.05542818084359169,3.0031587934371355,43.995240926742554,0.05375925451517105,3.152243673393741,0.05323523283004761,3.145344775179386,42.32113432884216,0.05150141566991806,3.0662290745119645,0.0520976297557354,3.0541210224493107,46.49790644645691,0.054567694664001465,3.0262355466662303,0.050669874995946884,3.158422212567099,42.22184157371521,0.048007458448410034,3.2614156712535682,0.051889192312955856,3.1432255249442784,42.30660033226013
63628dd94b68c3e97c1f7d2d,resnet,vae,vae,dtc,eucl,10,4,UMAP,5.0,0.052731335163116455,3.0873913539770914,0.05362248420715332,3.0818655116967264,43.27624869346619,0.053165242075920105,3.080000084393737,0.05299980938434601,3.063443190275187,42.85606932640076,0.05351357161998749,3.059804018363618,0.05249161645770073,3.0468237555969653,47.551830530166626,0.05025395750999451,3.162837371283911,0.05101625621318817,3.2003950589279757,42.550275802612305,0.053286921232938766,3.0516436278242214,0.05305784195661545,3.0429358253401935,42.91889500617981
63628dd94b68c3e97c1f7d2e,resnet,vae,vae,dtc,eucl,10,6,None,5.0,0.052688878029584885,2.718146489168099,0.05225130543112755,2.7290806201640962,43.44456505775452,0.04615704342722893,2.868706748601543,0.045134056359529495,2.8948960482481145,43.777480602264404,0.05379481986165047,2.7138744247782545,0.052686747163534164,2.7720522796776788,48.16024708747864,0.05129596218466759,2.799513346207148,0.05266156792640686,2.7834799871690805,42.399800062179565,0.05094063654541969,2.765674373646114,0.049203354865312576,2.841071341452746,43.63821005821228
63628dd94b68c3e97c1f7d2f,resnet,vae,vae,dtc,eucl,10,6,PCA,5.0,0.04687120392918587,2.902846322395144,0.05139242485165596,2.867548635502759,43.12458610534668,0.05115146189928055,2.8112525022455457,0.049536507576704025,2.8174833253413927,42.648669719696045,0.047646231949329376,2.765849156134516,0.04895682632923126,2.697925339641701,47.507020235061646,0.04936588183045387,2.8253590421009434,0.0494939349591732,2.8118116708786265,42.96963119506836,0.05295073240995407,2.7475543592941576,0.05375673994421959,2.735763669838596,43.05794334411621
63628dd94b68c3e97c1f7d30,resnet,vae,vae,dtc,eucl,10,6,UMAP,5.0,0.04793786630034447,2.8308691891778768,0.04746612161397934,2.846500433714936,43.31170201301575,0.05339568108320236,2.6404342660207143,0.05215521156787872,2.731806382689651,43.50697994232178,0.05071228742599487,2.8272162256407736,0.05087059736251831,2.846399939447286,47.172282457351685,0.050524964928627014,2.803913527356613,0.050002019852399826,2.8099981690872844,43.069263219833374,0.054374802857637405,2.7279517695755504,0.05152074620127678,2.8240322580436827,42.562525272369385
63628dd94b68c3e97c1f7d31,resnet,vae,vae,dtc,cid,10,2,None,5.0,-1.0,-1.0,-1.0,-1.0,56.832484006881714,-1.0,-1.0,-1.0,-1.0,56.47407078742981,-1.0,-1.0,-1.0,-1.0,60.786269664764404,-1.0,-1.0,-1.0,-1.0,57.078063011169434,-1.0,-1.0,-1.0,-1.0,56.438528060913086
63628dd94b68c3e97c1f7d32,resnet,vae,vae,dtc,cid,10,2,PCA,5.0,-1.0,-1.0,-1.0,-1.0,56.27272987365723,-1.0,-1.0,-1.0,-1.0,56.34647464752197,-0.23523464798927307,2.211053547704976,-0.21894471347332,1.9958957795666208,60.179075717926025,-1.0,-1.0,-0.25855588912963867,2.8291105336499385,56.596832513809204,-1.0,-1.0,-1.0,-1.0,55.906716108322144
63628dd94b68c3e97c1f7d33,resnet,vae,vae,dtc,cid,10,2,UMAP,5.0,-1.0,-1.0,-1.0,-1.0,57.355117082595825,-1.0,-1.0,-1.0,-1.0,56.89659237861633,-1.0,-1.0,-1.0,-1.0,61.11280155181885,-1.0,-1.0,-1.0,-1.0,57.05787396430969,-1.0,-1.0,-1.0,-1.0,56.11718249320984
63628dd94b68c3e97c1f7d34,resnet,vae,vae,dtc,cid,10,4,None,5.0,-1.0,-1.0,-1.0,-1.0,58.058643102645874,-1.0,-1.0,-1.0,-1.0,58.47818112373352,-1.0,-1.0,-1.0,-1.0,61.559836864471436,-1.0,-1.0,-1.0,-1.0,58.13883948326111,-1.0,-1.0,-1.0,-1.0,57.5867555141449
63628dd94b68c3e97c1f7d35,resnet,vae,vae,dtc,cid,10,4,PCA,5.0,-1.0,-1.0,-1.0,-1.0,57.579293966293335,-1.0,-1.0,-1.0,-1.0,57.89355134963989,-1.0,-1.0,-1.0,-1.0,61.92076563835144,-1.0,-1.0,-0.26821625232696533,3.76833782516143,58.02342200279236,-1.0,-1.0,-1.0,-1.0,57.39540719985962
63628dd94b68c3e97c1f7d36,resnet,vae,vae,dtc,cid,10,4,UMAP,5.0,-1.0,-1.0,-1.0,-1.0,58.260788440704346,-1.0,-1.0,-1.0,-1.0,58.5339469909668,-1.0,-1.0,-1.0,-1.0,61.93599486351013,-1.0,-1.0,-1.0,-1.0,58.03264379501343,-1.0,-1.0,-1.0,-1.0,57.8368878364563
63628dd94b68c3e97c1f7d37,resnet,vae,vae,dtc,cid,10,6,None,5.0,-1.0,-1.0,-1.0,-1.0,59.57545351982117,-1.0,-1.0,-1.0,-1.0,59.42719316482544,-1.0,-1.0,-1.0,-1.0,62.75229024887085,-1.0,-1.0,-1.0,-1.0,59.410459995269775,-1.0,-1.0,-1.0,-1.0,60.53812646865845
63628dd94b68c3e97c1f7d38,resnet,vae,vae,dtc,cid,10,6,PCA,5.0,-1.0,-1.0,-1.0,-1.0,59.68143653869629,-1.0,-1.0,-1.0,-1.0,59.12246513366699,-1.0,-1.0,-1.0,-1.0,59.27094125747681,-1.0,-1.0,-1.0,-1.0,59.15466380119324,-1.0,-1.0,-1.0,-1.0,59.891876459121704
63628dd94b68c3e97c1f7d39,resnet,vae,vae,dtc,cid,10,6,UMAP,5.0,-1.0,-1.0,-1.0,-1.0,59.81995415687561,-1.0,-1.0,-1.0,-1.0,59.567858934402466,-1.0,-1.0,-1.0,-1.0,58.62683701515198,-1.0,-1.0,-1.0,-1.0,58.53223919868469,-1.0,-1.0,-1.0,-1.0,59.428497314453125
63628dd94b68c3e97c1f7d3a,lstm,mse,mse,None,None,10,2,None,None,0.5660912990570068,0.5930756221778758,0.5660923719406128,0.5930778965818697,3.7429380416870117,0.5364325642585754,0.6556278111345515,0.5364307761192322,0.6556222702518879,3.615889549255371,0.5967069268226624,0.5471136139422037,0.5967082381248474,0.5471028481324768,3.737567663192749,0.5832690596580505,0.5665276445453014,0.5832681059837341,0.5665291470043878,3.6828057765960693,0.5977334976196289,0.5479861384254557,0.5977315306663513,0.5479877272842281,3.549605369567871
63628dd94b68c3e97c1f7d3d,lstm,mse,mse,None,None,10,4,None,None,0.41040387749671936,0.7673532886626903,0.41040462255477905,0.7673527276363955,3.545459747314453,0.4785345196723938,0.6222460293793031,0.47870105504989624,0.6217744609697282,3.6519179344177246,0.4917023777961731,0.6300590726501454,0.49327680468559265,0.6115547468669735,3.5700573921203613,0.44282299280166626,0.7064182307596019,0.44281911849975586,0.706423208684386,3.610032796859741,0.5323305726051331,0.5410444427322552,0.5322394967079163,0.5411868782684643,3.5888755321502686
63628dd94b68c3e97c1f7d40,lstm,mse,mse,None,None,10,6,None,None,0.40650510787963867,0.7757237664059492,0.4062435030937195,0.7750949809561782,3.753537654876709,0.3500501811504364,0.9794168204955876,0.34921884536743164,0.9785570495652101,3.506023645401001,0.43644705414772034,0.6905558932180479,0.43840375542640686,0.6910165854679707,3.569962501525879,0.37593504786491394,0.8115197189567723,0.37760838866233826,0.8096150817080229,3.562007427215576,0.45783984661102295,0.6768020266759862,0.45783811807632446,0.6768032963813907,3.554431915283203
63628dda4b68c3e97c1f7d4c,lstm,mse,mse,dtc,eucl,10,2,None,5.0,0.5567768216133118,0.5394309564325551,0.5728948712348938,0.5230272011141034,36.53522777557373,0.3911619484424591,0.6896079608873126,0.3952230215072632,0.6867822956590028,36.255671977996826,0.4507787823677063,0.6903694897655894,0.4658917188644409,0.6621317885955068,37.03346061706543,0.38384830951690674,0.6614078481529881,0.3933139741420746,0.6522056618052866,36.114840030670166,0.5489562749862671,0.6225825789024022,0.5589471459388733,0.6082787542059637,36.35596990585327
63628dda4b68c3e97c1f7d4d,lstm,mse,mse,dtc,eucl,10,2,PCA,5.0,0.4895908236503601,0.6681542701794947,0.49279752373695374,0.6730228722975428,37.015231132507324,0.5375626087188721,0.6341913642257561,0.5427576303482056,0.6389189227119341,36.96278381347656,0.5023494958877563,0.6895360653256188,0.5211964249610901,0.659596799567261,36.43338990211487,0.4389593005180359,0.6849985743352927,0.4463607966899872,0.6734414492036711,36.04124355316162,0.5168614387512207,0.6765060348550901,0.5220627188682556,0.6635107930324884,36.254931926727295
63628dda4b68c3e97c1f7d4e,lstm,mse,mse,dtc,eucl,10,2,UMAP,5.0,0.5545710921287537,0.5632956531860368,0.5495022535324097,0.5789167417360735,36.52305197715759,0.5695322751998901,0.5904288416230351,0.5709354281425476,0.59569990851126,36.194506883621216,0.5720686912536621,0.5860499745457602,0.5767148733139038,0.5764705332068865,36.502201795578,0.4899272918701172,0.6507996779808878,0.48803722858428955,0.6502469420358485,36.893415689468384,0.5807318091392517,0.7150151114720773,0.5796183943748474,0.6923984727278379,36.33742070198059
63628dda4b68c3e97c1f7d4f,lstm,mse,mse,dtc,eucl,10,4,None,5.0,0.4735053777694702,0.6271362808712029,0.5039571523666382,0.589344215356349,37.576146602630615,0.4481615126132965,0.6510493240876795,0.4421578347682953,0.6723589955717841,36.81378698348999,0.46906986832618713,0.578418353858267,0.479882150888443,0.558296444467136,37.50539302825928,0.4452420771121979,0.6803211282330904,0.4334620237350464,0.7054446502205417,36.527942180633545,0.46112701296806335,0.545193725129475,0.46638160943984985,0.5471067093909433,36.41873860359192
63628dda4b68c3e97c1f7d50,lstm,mse,mse,dtc,eucl,10,4,PCA,5.0,0.39311328530311584,0.6012614842723913,0.40334653854370117,0.5846317092561019,37.52091598510742,0.47270524501800537,0.5875157833397511,0.48693469166755676,0.5763236649063049,37.22465372085571,0.38617023825645447,0.6573699027875589,0.39957448840141296,0.6457164051898321,36.2486732006073,-1.0,-1.0,-1.0,-1.0,36.958335399627686,0.4837004542350769,0.5693384142038365,0.4693373441696167,0.5754303102844138,37.350748777389526
63628dda4b68c3e97c1f7d51,lstm,mse,mse,dtc,eucl,10,4,UMAP,5.0,0.4992515742778778,0.5281588722130759,0.5102172493934631,0.5520234865212024,37.82275390625,0.23260481655597687,0.864198086470752,0.2757348418235779,0.9162101502000217,37.39042043685913,0.4623382091522217,1.122740761287221,0.4695955812931061,1.0307858497225748,37.00357246398926,0.49725183844566345,0.5538747963829587,0.4927138686180115,0.5688848469133585,36.68710803985596,0.4677692651748657,0.6095402362520806,0.472796767950058,0.5933145203262614,36.862966537475586
63628dda4b68c3e97c1f7d52,lstm,mse,mse,dtc,eucl,10,6,None,5.0,0.33627429604530334,1.0700100725771295,0.3169673681259155,1.0357597530620326,38.49754357337952,0.37235984206199646,0.8265180365149023,0.3732917606830597,0.8368895295449552,38.0364875793457,-1.0,-1.0,-1.0,-1.0,38.47815990447998,0.46584928035736084,0.6411779221162097,0.48300623893737793,0.6448595229738537,38.11226963996887,0.38820818066596985,0.6261988497955989,-1.0,-1.0,37.436758279800415
63628dda4b68c3e97c1f7d53,lstm,mse,mse,dtc,eucl,10,6,PCA,5.0,0.44170382618904114,0.667254704619905,0.45198553800582886,0.6606047238919999,37.94174337387085,0.41596364974975586,0.6852829734432185,-1.0,-1.0,37.43955063819885,0.479953408241272,0.6020397255532814,0.46993282437324524,0.6154174833283014,37.324827909469604,-1.0,-1.0,-1.0,-1.0,37.06646180152893,0.38139021396636963,0.5973605455867457,-1.0,-1.0,37.33214354515076
63628dda4b68c3e97c1f7d54,lstm,mse,mse,dtc,eucl,10,6,UMAP,5.0,0.45516130328178406,0.5646536933224013,-1.0,-1.0,38.6659300327301,0.42211583256721497,0.6572749336645652,0.4233004152774811,0.6522191566901437,37.90816044807434,0.5095809698104858,0.5686959301932112,0.5215967893600464,0.5480133803599602,37.225279569625854,0.43329086899757385,0.6547038456845948,0.43098053336143494,0.6602574605035202,37.252214431762695,-1.0,-1.0,-1.0,-1.0,37.71677494049072
63628dda4b68c3e97c1f7d55,lstm,mse,mse,dtc,cid,10,2,None,5.0,0.5343855023384094,0.5520338519857303,0.5661194920539856,0.5290482834143434,51.74000287055969,0.5283702611923218,0.6528371510001935,0.5301666259765625,0.6581845465654087,51.60029411315918,0.5234252214431763,0.6512039445743539,0.5366552472114563,0.627588278094214,50.41521668434143,0.5632290840148926,0.5781030833980192,0.5566854476928711,0.582828421592564,51.45315742492676,0.5822216868400574,0.5598636321094088,0.5832894444465637,0.5607284888297989,50.77503848075867
63628dda4b68c3e97c1f7d56,lstm,mse,mse,dtc,cid,10,2,PCA,5.0,0.7262905836105347,0.40256938571298007,0.734808087348938,0.38804879750972865,51.81181836128235,0.4751198887825012,0.6584834321641605,0.5006008744239807,0.6280326486701207,51.18121290206909,0.5790503621101379,0.565086826766107,0.5642316341400146,0.5843430543294614,51.373539447784424,0.4288938045501709,0.6631854428862897,0.43250948190689087,0.6549010919027798,51.43449115753174,0.5598592758178711,0.6110303482894173,0.5615359544754028,0.6045471698589275,50.42568922042847
63628dda4b68c3e97c1f7d57,lstm,mse,mse,dtc,cid,10,2,UMAP,5.0,0.4923500418663025,0.5508104664712389,0.5286203026771545,0.5184827093525735,50.925647258758545,0.4629882872104645,0.6562319139291778,0.46497687697410583,0.661208205918656,51.369890213012695,0.7072928547859192,0.4130335711442431,0.67342209815979,0.4011923291818994,51.25037956237793,0.45672938227653503,0.6225227989408988,0.4690685272216797,0.6125820864070028,50.83082413673401,0.4682252109050751,0.6910118590936323,0.48177093267440796,0.6672969779663797,50.65953612327576
63628dda4b68c3e97c1f7d58,lstm,mse,mse,dtc,cid,10,4,None,5.0,0.49905431270599365,0.5573057759634612,0.5109025835990906,0.55398630923379,52.68238353729248,0.4017165005207062,0.5780617044912254,0.4084033966064453,0.5730390711780262,52.65730834007263,0.3930290937423706,0.7038775446266398,0.39004161953926086,0.6954506593581768,51.98653554916382,0.43966513872146606,0.6332628432377218,0.44641196727752686,0.6114626962332647,52.587498903274536,0.5227450132369995,0.5726045458198098,0.5248354077339172,0.5629245806248526,51.342591524124146
63628dda4b68c3e97c1f7d59,lstm,mse,mse,dtc,cid,10,4,PCA,5.0,-1.0,-1.0,-1.0,-1.0,52.74157643318176,0.47480371594429016,0.5228943288723119,0.4856298267841339,0.5379861013735945,52.573686361312866,0.46956488490104675,0.6650923694931514,0.4737103283405304,0.6531753189705503,53.269572257995605,0.30018606781959534,0.8481652038316109,0.291068434715271,0.8806027504523777,52.56113362312317,0.47553473711013794,0.5923878709952515,0.47860297560691833,0.5803408723380834,52.678138732910156
63628dda4b68c3e97c1f7d5a,lstm,mse,mse,dtc,cid,10,4,UMAP,5.0,0.41162386536598206,0.6989803671779304,0.39838334918022156,0.6985636724306364,52.27330708503723,0.4536111056804657,0.5914279692785608,0.45934244990348816,0.599860728544194,52.53352642059326,0.47121337056159973,0.5892290903244942,0.4720393419265747,0.587743014092345,52.270090103149414,0.6165997982025146,0.7643338645790131,0.5956865549087524,0.630161389349423,53.00251054763794,0.4951938986778259,0.573517080177655,0.49385979771614075,0.5537683926781322,51.851879835128784
63628dda4b68c3e97c1f7d5b,lstm,mse,mse,dtc,cid,10,6,None,5.0,0.4312609136104584,0.7466714474148048,0.4361492693424225,0.6943352177623979,54.17007875442505,0.4411637485027313,0.6195210586600245,0.41922640800476074,0.6301864315386367,53.56683707237244,-1.0,-1.0,-1.0,-1.0,53.8577766418457,0.32874539494514465,0.8014669577565714,0.3329922556877136,0.7854012825143103,53.78796052932739,0.45082324743270874,0.5664647657408647,0.4485483467578888,0.5636415939108961,53.16297698020935
63628dda4b68c3e97c1f7d5c,lstm,mse,mse,dtc,cid,10,6,PCA,5.0,0.49438613653182983,0.5194754209746159,0.49155327677726746,0.5439204968908019,54.33676886558533,0.4602071940898895,0.6516028948126954,0.45941922068595886,0.6669626469651687,53.780766010284424,0.4580429792404175,0.5154969807360613,-1.0,-1.0,53.57708525657654,0.23474884033203125,0.9410100313866098,0.20654644072055817,0.9629136581774654,53.55069828033447,0.49922841787338257,0.5406524228561921,0.4730944037437439,0.5634699221520798,53.82625603675842
63628dda4b68c3e97c1f7d5d,lstm,mse,mse,dtc,cid,10,6,UMAP,5.0,0.3895469903945923,0.6935040298383828,0.3971203863620758,0.6858727990950122,53.607118368148804,-1.0,-1.0,0.4191012382507324,0.56297164864775,53.921640396118164,0.5030171275138855,0.5594097033339653,-1.0,-1.0,53.951799154281616,0.5047098994255066,0.5740544789835497,0.49743956327438354,0.5729978662279196,53.97317957878113,0.47315043210983276,0.6545450093981457,0.4796520173549652,0.6561027481139222,53.627415895462036
63628ddb4b68c3e97c1f7d82,lstm,vae,vae,None,None,10,2,None,None,0.0708971843123436,3.4851057842499387,0.07118000835180283,3.487602953390891,3.810920476913452,0.07196778804063797,3.462238533615178,0.07263338565826416,3.4474693712305737,3.7731404304504395,0.07155269384384155,3.4903384902371757,0.07269295305013657,3.4513619349812816,3.820573568344116,0.07161097228527069,3.466557952303095,0.0714501291513443,3.4734986901337255,3.8368961811065674,0.0707196593284607,3.502644221057987,0.07067197561264038,3.515272442662309,3.8421685695648193
63628ddc4b68c3e97c1f7d85,lstm,vae,vae,None,None,10,4,None,None,0.06571541726589203,2.771325514912896,0.06514736264944077,2.7466806842178024,3.8123698234558105,0.06412377953529358,2.7880628387497666,0.06435976922512054,2.7708620342517998,3.760828733444214,0.06540295481681824,2.762289922999474,0.06490984559059143,2.7791022974806623,3.8035452365875244,0.06391695886850357,2.7907042827979893,0.06367095559835434,2.8005288285868266,3.7693495750427246,0.06460893154144287,2.8162279020149605,0.06493043154478073,2.7729094051903096,3.8324053287506104
63628ddc4b68c3e97c1f7d88,lstm,vae,vae,None,None,10,6,None,None,0.06627608090639114,2.4328858907102466,0.06585587561130524,2.4469919051765068,3.823596477508545,0.06536835432052612,2.4667141307052804,0.06523097306489944,2.4510611364815595,3.7675395011901855,0.06631230562925339,2.491880427563219,0.06686276197433472,2.446056212110094,3.974368095397949,0.06416893750429153,2.4975087349538723,0.06735127419233322,2.4741942062298565,3.7992827892303467,0.06635938584804535,2.528253004027562,0.06545811891555786,2.489303863793141,3.7797653675079346
63628ddc4b68c3e97c1f7d94,lstm,vae,vae,dtc,eucl,10,2,None,5.0,0.06386660784482956,3.669787028549842,0.06594492495059967,3.654412562303144,37.88910746574402,0.0663953572511673,3.6228102214121267,0.06734548509120941,3.5399441944755496,37.13702392578125,0.06349992752075195,3.727213481231736,0.06177947297692299,3.7960694538393933,36.70544672012329,0.06326581537723541,3.7291234735596843,0.06377601623535156,3.707690020984936,37.044041872024536,0.061042726039886475,3.8105329414945053,0.06219314783811569,3.768211250475604,36.57201528549194
63628ddc4b68c3e97c1f7d95,lstm,vae,vae,dtc,eucl,10,2,PCA,5.0,0.06246211752295494,3.725556639104349,0.06349701434373856,3.6603284102873204,37.061333417892456,0.06038541719317436,3.8175903560017965,0.06663022190332413,3.629676312388181,37.334843158721924,0.06156342104077339,3.7615419371563594,0.06473824381828308,3.689926734746709,36.93668460845947,0.06400257349014282,3.6953788037811197,0.0660199448466301,3.63656075425755,36.777557373046875,0.06323887407779694,3.735319271884632,0.06241773068904877,3.7369570591054133,36.56917905807495
63628ddc4b68c3e97c1f7d96,lstm,vae,vae,dtc,eucl,10,2,UMAP,5.0,0.06092870980501175,3.4645347821465733,0.06364250928163528,3.4912012047605656,36.45556879043579,0.06384651362895966,3.7342042804398896,0.06403403729200363,3.714094085186921,36.913880825042725,0.06123478338122368,3.699183257737769,0.06687372177839279,3.565994681053531,36.94655251502991,0.06391196697950363,3.60271215463599,0.06710834056138992,3.6256195348954536,36.39893889427185,0.06463102996349335,3.6749709133485307,0.06228519603610039,3.7882302906913594,37.263301610946655
63628ddc4b68c3e97c1f7d97,lstm,vae,vae,dtc,eucl,10,4,None,5.0,0.05527559295296669,2.961445507392436,0.052356064319610596,3.018249884160608,37.77729249000549,0.05552878975868225,3.0217450422850693,0.054162949323654175,3.014316754554582,38.02369689941406,0.05057660862803459,3.062071001411145,0.051331281661987305,3.065695255390719,37.2883825302124,0.05232083424925804,3.1369711653881907,0.05181363224983215,3.1598715412767078,37.40380620956421,0.0484049990773201,3.2599295864445956,0.04597334936261177,3.3202707454456157,36.73241639137268
63628ddc4b68c3e97c1f7d98,lstm,vae,vae,dtc,eucl,10,4,PCA,5.0,0.04955713450908661,3.1963469341668658,0.05341050773859024,3.0749284673737014,37.952035427093506,0.050338104367256165,3.217104404806681,0.05310382694005966,3.1861428863846672,37.92076563835144,0.05480554699897766,3.075697424607558,0.054781097918748856,3.1016307489553734,38.045177936553955,0.05206134542822838,3.164243191679102,0.054915279150009155,3.0363920013499532,38.17176365852356,0.051808763295412064,3.2306973224829876,0.052428122609853745,3.2053776400919367,37.37599205970764
63628ddc4b68c3e97c1f7d99,lstm,vae,vae,dtc,eucl,10,4,UMAP,5.0,0.0531851202249527,3.0103871327422187,0.053142301738262177,3.0880162125224846,37.94469738006592,0.05389224737882614,3.038197276148462,0.05351709574460983,3.0826048974122893,37.92137670516968,0.053133729845285416,3.049902252132065,0.0555853471159935,2.9917030075254383,37.73351979255676,0.054523978382349014,3.023832528738286,0.05623014271259308,3.027042414574026,37.4537513256073,0.052104391157627106,3.181326425894668,0.05060236155986786,3.1886302588216853,37.794753313064575
63628ddc4b68c3e97c1f7d9a,lstm,vae,vae,dtc,eucl,10,6,None,5.0,0.049503862857818604,2.7734683905982056,0.05141833424568176,2.77937622461115,38.30682110786438,0.04923606291413307,2.8267020619227505,0.05182855948805809,2.798623219773832,37.90575981140137,0.051178157329559326,2.772621219758962,0.04952052980661392,2.8201229329502726,37.72467374801636,0.052023500204086304,2.746554101411266,0.05315040424466133,2.748078264634549,38.007303953170776,0.052808187901973724,2.7808401211564395,0.04992489144206047,2.7785308868548024,38.469393253326416
63628ddc4b68c3e97c1f7d9b,lstm,vae,vae,dtc,eucl,10,6,PCA,5.0,0.04516255110502243,2.9298869037589945,0.04949646070599556,2.8843369274910784,38.805325508117676,0.04975270479917526,2.7817038509422076,0.05324795842170715,2.7059615048524335,37.94137716293335,0.04922124743461609,2.7615410182937867,0.04881460964679718,2.8232830979134786,37.7593412399292,0.051802441477775574,2.8060415682650013,0.05182536318898201,2.783546082021827,38.53002190589905,0.05307568237185478,2.704932132580085,0.050269462168216705,2.7498711473292663,37.15032696723938
63628ddc4b68c3e97c1f7d9c,lstm,vae,vae,dtc,eucl,10,6,UMAP,5.0,0.0537312813103199,2.6924163915221406,0.05203131586313248,2.720043258332792,38.553699016571045,0.04562598466873169,2.934574482841141,0.045166049152612686,2.8625365328122516,37.62431788444519,0.049906134605407715,2.8357744020247466,0.05185554921627045,2.7906520179404737,38.50301265716553,0.04961357265710831,2.7958037647773586,0.049553677439689636,2.778297665561473,38.059086561203,0.05143466591835022,2.736581834233102,0.05368950963020325,2.6622737631095097,38.31613898277283
63628ddc4b68c3e97c1f7d9d,lstm,vae,vae,dtc,cid,10,2,None,5.0,-1.0,-1.0,-1.0,-1.0,51.27444076538086,-0.1887221336364746,3.317438552114936,-0.15668737888336182,2.616727550822124,51.63702940940857,-0.11590346693992615,3.3983195013899796,-0.1250932365655899,3.5604602530771743,51.89975714683533,-1.0,-1.0,-1.0,-1.0,51.113632917404175,-1.0,-1.0,-1.0,-1.0,52.02144694328308
63628ddc4b68c3e97c1f7d9e,lstm,vae,vae,dtc,cid,10,2,PCA,5.0,-1.0,-1.0,-1.0,-1.0,51.422940492630005,-1.0,-1.0,-1.0,-1.0,51.00376343727112,-0.09304223954677582,3.271519314963056,-0.10166800767183304,3.348823123281342,51.31862139701843,-1.0,-1.0,-1.0,-1.0,50.6350359916687,-0.11049549281597137,3.1191060117955938,-0.11751947551965714,3.1957307974443854,51.274402141571045
63628ddc4b68c3e97c1f7d9f,lstm,vae,vae,dtc,cid,10,2,UMAP,5.0,0.056539904326200485,3.7069654944856945,0.05886529013514519,3.652893587210059,51.50094532966614,-1.0,-1.0,-1.0,-1.0,51.509400844573975,-0.10253555327653885,3.3491566918972278,-0.09184547513723373,3.042244460564642,51.83706212043762,-0.04273563623428345,3.245381593189885,-0.0514565147459507,3.323124322621575,51.254661321640015,-0.012565977871418,3.3538214051777695,-0.020086223259568214,3.5579948226621365,51.39194941520691
63628ddc4b68c3e97c1f7da0,lstm,vae,vae,dtc,cid,10,4,None,5.0,-1.0,-1.0,-1.0,-1.0,52.79219841957092,-1.0,-1.0,-1.0,-1.0,52.90980815887451,-1.0,-1.0,-1.0,-1.0,52.55003309249878,-1.0,-1.0,-1.0,-1.0,52.83193588256836,-1.0,-1.0,-1.0,-1.0,52.633909463882446
63628ddc4b68c3e97c1f7da1,lstm,vae,vae,dtc,cid,10,4,PCA,5.0,-1.0,-1.0,-1.0,-1.0,53.375860929489136,-1.0,-1.0,-1.0,-1.0,53.13415288925171,-1.0,-1.0,-1.0,-1.0,52.46444344520569,-1.0,-1.0,-1.0,-1.0,52.12044835090637,-1.0,-1.0,-1.0,-1.0,52.73036813735962
63628ddc4b68c3e97c1f7da2,lstm,vae,vae,dtc,cid,10,4,UMAP,5.0,-1.0,-1.0,-1.0,-1.0,53.019930839538574,-1.0,-1.0,-1.0,-1.0,52.92577862739563,-1.0,-1.0,-1.0,-1.0,55.506285429000854,-1.0,-1.0,-1.0,-1.0,52.516464710235596,-1.0,-1.0,-1.0,-1.0,53.26866054534912
63628ddc4b68c3e97c1f7da3,lstm,vae,vae,dtc,cid,10,6,None,5.0,-1.0,-1.0,-1.0,-1.0,55.079086780548096,-1.0,-1.0,-1.0,-1.0,54.1340856552124,-1.0,-1.0,-1.0,-1.0,53.727397203445435,-1.0,-1.0,-1.0,-1.0,54.13206386566162,-1.0,-1.0,-1.0,-1.0,54.2638201713562
63628ddc4b68c3e97c1f7da4,lstm,vae,vae,dtc,cid,10,6,PCA,5.0,-1.0,-1.0,-1.0,-1.0,54.13477063179016,-1.0,-1.0,-1.0,-1.0,53.854862451553345,-1.0,-1.0,-1.0,-1.0,53.76980996131897,-1.0,-1.0,-1.0,-1.0,53.74808478355408,-1.0,-1.0,-1.0,-1.0,54.61848783493042
63628ddc4b68c3e97c1f7da5,lstm,vae,vae,dtc,cid,10,6,UMAP,5.0,-1.0,-1.0,-1.0,-1.0,54.023029804229736,-1.0,-1.0,-1.0,-1.0,54.115105867385864,-1.0,-1.0,-1.0,-1.0,53.80780243873596,-1.0,-1.0,-1.0,-1.0,54.07608675956726,-1.0,-1.0,-1.0,-1.0,53.8462700843811
63628ddd4b68c3e97c1f7db8,dtc,mse,mse,dtc,eucl,10,2,None,5.0,0.3753865957260132,1.8984301671366206,0.39276060461997986,1.783699786661531,39.190834760665894,0.5508764982223511,0.7924272888745424,-1.0,-1.0,37.394604206085205,0.1662725806236267,3.674785134689016,0.178457573056221,3.8390206165241656,38.71253490447998,0.3375391662120819,1.3003627149884445,0.3372044861316681,1.2951931741586,37.19976258277893,0.25425389409065247,2.3491515045259836,0.2436862587928772,2.2305623917202033,37.41052031517029
63628ddd4b68c3e97c1f7db9,dtc,mse,mse,dtc,eucl,10,2,PCA,5.0,0.37627366185188293,1.0238114165766934,0.371275931596756,1.0434148702673278,38.54531192779541,0.5234305262565613,0.35321764867930316,-1.0,-1.0,37.148717641830444,0.49851465225219727,1.7862892646975277,0.5281248092651367,1.397184969701839,37.324108839035034,0.10962297022342682,2.8104604430787123,0.10613324493169785,2.89238192503669,37.065101146698,0.6341745853424072,0.6802695195404682,0.5427569150924683,0.8385319413496102,36.592405796051025
63628ddd4b68c3e97c1f7dba,dtc,mse,mse,dtc,eucl,10,2,UMAP,5.0,0.4729270935058594,0.8816089885707908,0.4753510057926178,0.8689851905766853,37.39733266830444,0.4323051869869232,0.9724701146956197,0.4513784646987915,0.9276620554525329,37.81149697303772,0.4222351312637329,0.8272808918427623,0.4328724145889282,0.8255195618781677,37.617878675460815,0.19455143809318542,2.8796810047419448,0.20116795599460602,2.9402526819264456,37.148860454559326,0.4072600305080414,1.101279059809487,0.4158635437488556,1.0982222542325715,36.71577167510986
63628ddd4b68c3e97c1f7dbb,dtc,mse,mse,dtc,eucl,10,4,None,5.0,0.22474512457847595,1.392341781021719,-1.0,-1.0,38.13021659851074,0.41455596685409546,0.8690811578177984,0.42772993445396423,0.8850506503846651,38.08403754234314,0.3120173215866089,1.4867046390312897,0.3070204555988312,1.3582996984278513,38.22585678100586,0.3313790559768677,1.1224357179446602,0.32616665959358215,1.1503024239499093,38.00265336036682,0.3400610685348511,2.256531443453825,-1.0,-1.0,38.22307300567627
63628ddd4b68c3e97c1f7dbc,dtc,mse,mse,dtc,eucl,10,4,PCA,5.0,0.33650699257850647,1.1304026397073548,0.3333826959133148,1.1664974859839068,38.290427446365356,0.4257999658584595,1.186589398079691,-1.0,-1.0,38.30103349685669,0.2315606027841568,2.4873113100593174,0.2401489019393921,2.6006892878194385,38.011801958084106,0.08197516202926636,3.3674605492153935,0.08075933158397675,3.5016458285997256,37.504066944122314,0.4120692312717438,0.8915410676235879,0.41492605209350586,0.893984448205027,37.84739685058594
63628ddd4b68c3e97c1f7dbd,dtc,mse,mse,dtc,eucl,10,4,UMAP,5.0,0.3551177978515625,0.9389969789801079,0.3408122658729553,0.9583109114798037,39.066892862319946,0.2280193418264389,1.7680622327768092,-1.0,-1.0,38.05009603500366,0.30189746618270874,1.9043183544930202,0.31160250306129456,2.022927992951587,37.59151101112366,0.1391330361366272,2.0840470068712813,0.1370639055967331,2.0513755558731526,37.59366321563721,0.1716359257698059,2.0721568392264427,0.17554666101932526,2.0601197206303694,37.271289110183716
63628ddd4b68c3e97c1f7dbe,dtc,mse,mse,dtc,eucl,10,6,None,5.0,0.1664711982011795,2.8163455227741125,0.15477615594863892,3.200421919226354,39.14253830909729,0.3187059462070465,1.1258103912001973,0.30667153000831604,1.1030345258002245,38.79825043678284,0.2774676978588104,1.2789920620610762,0.2661592960357666,1.2804604848599084,38.51125907897949,0.15928076207637787,3.163551708388635,0.16352562606334686,3.006308871671999,37.63886737823486,0.42206037044525146,0.729300054080079,0.43333154916763306,0.716202142892924,38.789695024490356
63628ddd4b68c3e97c1f7dbf,dtc,mse,mse,dtc,eucl,10,6,PCA,5.0,0.12926392257213593,2.2583979607821956,0.12340644001960754,2.2588352235691143,38.40879821777344,0.440087229013443,0.8322052363009735,0.44450974464416504,0.7933517511037422,39.26253080368042,0.23761865496635437,1.852573908077668,0.2407626360654831,1.9122299156205518,38.80807304382324,0.05737750232219696,2.7641948259842235,-1.0,-1.0,39.01305556297302,0.4637405574321747,0.7130802696724282,0.4662861227989197,0.6995237422005075,38.322007179260254
63628ddd4b68c3e97c1f7dc0,dtc,mse,mse,dtc,eucl,10,6,UMAP,5.0,0.3797929286956787,0.879185934090175,0.3668522536754608,0.8874659523019538,39.17782425880432,0.2979770004749298,1.5947288432515139,-1.0,-1.0,39.03144025802612,0.09685971587896347,2.516836869555601,0.10083247721195221,2.594767025811969,38.088040590286255,0.054834865033626556,2.3910907125280922,-1.0,-1.0,38.23526406288147,0.0736885592341423,2.4859905835811635,-1.0,-1.0,38.26397490501404
63628ddd4b68c3e97c1f7dc1,dtc,mse,mse,dtc,cid,10,2,None,5.0,-1.0,-1.0,-1.0,-1.0,52.69395446777344,-1.0,-1.0,-1.0,-1.0,51.40843629837036,-1.0,-1.0,-1.0,-1.0,51.735920906066895,-1.0,-1.0,-1.0,-1.0,51.27591347694397,-1.0,-1.0,-1.0,-1.0,51.1581871509552
63628ddd4b68c3e97c1f7dc2,dtc,mse,mse,dtc,cid,10,2,PCA,5.0,-1.0,-1.0,-1.0,-1.0,52.22798824310303,-1.0,-1.0,-1.0,-1.0,51.70592999458313,-1.0,-1.0,-1.0,-1.0,51.32107973098755,-1.0,-1.0,-1.0,-1.0,50.84225344657898,-1.0,-1.0,-1.0,-1.0,50.914451599121094
63628ddd4b68c3e97c1f7dc3,dtc,mse,mse,dtc,cid,10,2,UMAP,5.0,-1.0,-1.0,-1.0,-1.0,53.09578323364258,-1.0,-1.0,-1.0,-1.0,51.063225507736206,-1.0,-1.0,-1.0,-1.0,51.20431685447693,-1.0,-1.0,-1.0,-1.0,51.07686901092529,-1.0,-1.0,-1.0,-1.0,51.487974643707275
63628ddd4b68c3e97c1f7dc4,dtc,mse,mse,dtc,cid,10,4,None,5.0,-1.0,-1.0,-1.0,-1.0,53.36518430709839,-1.0,-1.0,-1.0,-1.0,52.83885860443115,-1.0,-1.0,-1.0,-1.0,54.62924313545227,-1.0,-1.0,-1.0,-1.0,51.867790937423706,-1.0,-1.0,-1.0,-1.0,52.914517641067505
63628ddd4b68c3e97c1f7dc5,dtc,mse,mse,dtc,cid,10,4,PCA,5.0,-1.0,-1.0,-1.0,-1.0,54.08346772193909,-1.0,-1.0,-1.0,-1.0,52.70951533317566,-1.0,-1.0,-1.0,-1.0,52.69772124290466,-1.0,-1.0,-1.0,-1.0,52.23962473869324,-1.0,-1.0,-1.0,-1.0,52.3800790309906
63628ddd4b68c3e97c1f7dc6,dtc,mse,mse,dtc,cid,10,4,UMAP,5.0,-1.0,-1.0,-1.0,-1.0,53.62638020515442,-1.0,-1.0,-1.0,-1.0,52.122440814971924,-1.0,-1.0,-1.0,-1.0,52.40802454948425,-1.0,-1.0,-1.0,-1.0,52.563393115997314,-1.0,-1.0,-1.0,-1.0,52.74704694747925
63628dde4b68c3e97c1f7dc7,dtc,mse,mse,dtc,cid,10,6,None,5.0,-1.0,-1.0,-1.0,-1.0,55.502530574798584,-1.0,-1.0,-1.0,-1.0,53.76058077812195,-1.0,-1.0,-1.0,-1.0,54.09659147262573,-1.0,-1.0,-1.0,-1.0,53.16680455207825,-1.0,-1.0,-1.0,-1.0,53.86334991455078
63628dde4b68c3e97c1f7dc8,dtc,mse,mse,dtc,cid,10,6,PCA,5.0,-1.0,-1.0,-1.0,-1.0,54.49862885475159,-1.0,-1.0,-1.0,-1.0,54.17962956428528,-1.0,-1.0,-1.0,-1.0,54.02863001823425,-1.0,-1.0,-1.0,-1.0,54.09515738487244,-1.0,-1.0,-1.0,-1.0,54.33074069023132
63628dde4b68c3e97c1f7dc9,dtc,mse,mse,dtc,cid,10,6,UMAP,5.0,-1.0,-1.0,-1.0,-1.0,54.890785932540894,-1.0,-1.0,-1.0,-1.0,54.00646662712097,-1.0,-1.0,-1.0,-1.0,53.85053277015686,-1.0,-1.0,-1.0,-1.0,53.982686281204224,-1.0,-1.0,-1.0,-1.0,53.654560804367065
63628ddf4b68c3e97c1f7e00,dtc,vae,vae,dtc,eucl,10,2,None,5.0,-2.0,-2.0,-2.0,-2.0,0.0,-2.0,-2.0,-2.0,-2.0,0.0,-2.0,-2.0,-2.0,-2.0,0.0,-2.0,-2.0,-2.0,-2.0,0.0,-2.0,-2.0,-2.0,-2.0,0.0
63628ddf4b68c3e97c1f7e01,dtc,vae,vae,dtc,eucl,10,2,PCA,5.0,-2.0,-2.0,-2.0,-2.0,0.0,-2.0,-2.0,-2.0,-2.0,0.0,-2.0,-2.0,-2.0,-2.0,0.0,-2.0,-2.0,-2.0,-2.0,0.0,-2.0,-2.0,-2.0,-2.0,0.0
63628ddf4b68c3e97c1f7e02,dtc,vae,vae,dtc,eucl,10,2,UMAP,5.0,-2.0,-2.0,-2.0,-2.0,0.0,-2.0,-2.0,-2.0,-2.0,0.0,-2.0,-2.0,-2.0,-2.0,0.0,-2.0,-2.0,-2.0,-2.0,0.0,-2.0,-2.0,-2.0,-2.0,0.0
63628de04b68c3e97c1f7e03,dtc,vae,vae,dtc,eucl,10,4,None,5.0,-2.0,-2.0,-2.0,-2.0,0.0,-2.0,-2.0,-2.0,-2.0,0.0,-2.0,-2.0,-2.0,-2.0,0.0,-2.0,-2.0,-2.0,-2.0,0.0,-2.0,-2.0,-2.0,-2.0,0.0
63628de04b68c3e97c1f7e04,dtc,vae,vae,dtc,eucl,10,4,PCA,5.0,-2.0,-2.0,-2.0,-2.0,0.0,-2.0,-2.0,-2.0,-2.0,0.0,-2.0,-2.0,-2.0,-2.0,0.0,-2.0,-2.0,-2.0,-2.0,0.0,-2.0,-2.0,-2.0,-2.0,0.0
63628de04b68c3e97c1f7e05,dtc,vae,vae,dtc,eucl,10,4,UMAP,5.0,-2.0,-2.0,-2.0,-2.0,0.0,-2.0,-2.0,-2.0,-2.0,0.0,-2.0,-2.0,-2.0,-2.0,0.0,-2.0,-2.0,-2.0,-2.0,0.0,-2.0,-2.0,-2.0,-2.0,0.0
63628de04b68c3e97c1f7e06,dtc,vae,vae,dtc,eucl,10,6,None,5.0,-2.0,-2.0,-2.0,-2.0,0.0,-2.0,-2.0,-2.0,-2.0,0.0,-2.0,-2.0,-2.0,-2.0,0.0,-2.0,-2.0,-2.0,-2.0,0.0,-2.0,-2.0,-2.0,-2.0,0.0
63628de04b68c3e97c1f7e07,dtc,vae,vae,dtc,eucl,10,6,PCA,5.0,-2.0,-2.0,-2.0,-2.0,0.0,-2.0,-2.0,-2.0,-2.0,0.0,-2.0,-2.0,-2.0,-2.0,0.0,-2.0,-2.0,-2.0,-2.0,0.0,-2.0,-2.0,-2.0,-2.0,0.0
63628de04b68c3e97c1f7e08,dtc,vae,vae,dtc,eucl,10,6,UMAP,5.0,-2.0,-2.0,-2.0,-2.0,0.0,-2.0,-2.0,-2.0,-2.0,0.0,-2.0,-2.0,-2.0,-2.0,0.0,-2.0,-2.0,-2.0,-2.0,0.0,-2.0,-2.0,-2.0,-2.0,0.0
63628de04b68c3e97c1f7e09,dtc,vae,vae,dtc,cid,10,2,None,5.0,-2.0,-2.0,-2.0,-2.0,0.0,-2.0,-2.0,-2.0,-2.0,0.0,-2.0,-2.0,-2.0,-2.0,0.0,-2.0,-2.0,-2.0,-2.0,0.0,-2.0,-2.0,-2.0,-2.0,0.0
63628de04b68c3e97c1f7e0a,dtc,vae,vae,dtc,cid,10,2,PCA,5.0,-2.0,-2.0,-2.0,-2.0,0.0,-2.0,-2.0,-2.0,-2.0,0.0,-2.0,-2.0,-2.0,-2.0,0.0,-2.0,-2.0,-2.0,-2.0,0.0,-2.0,-2.0,-2.0,-2.0,0.0
63628de04b68c3e97c1f7e0b,dtc,vae,vae,dtc,cid,10,2,UMAP,5.0,-2.0,-2.0,-2.0,-2.0,0.0,-2.0,-2.0,-2.0,-2.0,0.0,-2.0,-2.0,-2.0,-2.0,0.0,-2.0,-2.0,-2.0,-2.0,0.0,-2.0,-2.0,-2.0,-2.0,0.0
63628de04b68c3e97c1f7e0c,dtc,vae,vae,dtc,cid,10,4,None,5.0,-2.0,-2.0,-2.0,-2.0,0.0,-2.0,-2.0,-2.0,-2.0,0.0,-2.0,-2.0,-2.0,-2.0,0.0,-2.0,-2.0,-2.0,-2.0,0.0,-2.0,-2.0,-2.0,-2.0,0.0
63628de04b68c3e97c1f7e0d,dtc,vae,vae,dtc,cid,10,4,PCA,5.0,-2.0,-2.0,-2.0,-2.0,0.0,-2.0,-2.0,-2.0,-2.0,0.0,-2.0,-2.0,-2.0,-2.0,0.0,-2.0,-2.0,-2.0,-2.0,0.0,-2.0,-2.0,-2.0,-2.0,0.0
63628de04b68c3e97c1f7e0e,dtc,vae,vae,dtc,cid,10,4,UMAP,5.0,-2.0,-2.0,-2.0,-2.0,0.0,-2.0,-2.0,-2.0,-2.0,0.0,-2.0,-2.0,-2.0,-2.0,0.0,-2.0,-2.0,-2.0,-2.0,0.0,-2.0,-2.0,-2.0,-2.0,0.0
63628de04b68c3e97c1f7e0f,dtc,vae,vae,dtc,cid,10,6,None,5.0,-2.0,-2.0,-2.0,-2.0,0.0,-2.0,-2.0,-2.0,-2.0,0.0,-2.0,-2.0,-2.0,-2.0,0.0,-2.0,-2.0,-2.0,-2.0,0.0,-2.0,-2.0,-2.0,-2.0,0.0
63628de04b68c3e97c1f7e10,dtc,vae,vae,dtc,cid,10,6,PCA,5.0,-2.0,-2.0,-2.0,-2.0,0.0,-2.0,-2.0,-2.0,-2.0,0.0,-2.0,-2.0,-2.0,-2.0,0.0,-2.0,-2.0,-2.0,-2.0,0.0,-2.0,-2.0,-2.0,-2.0,0.0
63628de04b68c3e97c1f7e11,dtc,vae,vae,dtc,cid,10,6,UMAP,5.0,-2.0,-2.0,-2.0,-2.0,0.0,-2.0,-2.0,-2.0,-2.0,0.0,-2.0,-2.0,-2.0,-2.0,0.0,-2.0,-2.0,-2.0,-2.0,0.0,-2.0,-2.0,-2.0,-2.0,0.0
